Rk,Player,Age,Team,Pos,G,GS,MP,FG,FGA,FG%,3P,3PA,3P%,2P,2PA,2P%,eFG%,FT,FTA,FT%,ORB,DRB,TRB,AST,STL,BLK,TOV,PF,PTS,Awards
1,Luka Dončić,26,LAL,PG,64,64,2291.2,691.2,1459.2,0.476,256,691.2,0.366,441.6,761.6,0.575,0.563,505.6,646.4,0.78,38.4,454.4,492.8,531.2,102.4,32,256,153.6,2144,"MVP-4,CPOY-8,AS,NBA1"
2,Shai Gilgeous-Alexander,27,OKC,PG,68,68,2257.6000000000004,734.4000000000001,1319.1999999999998,0.553,115.6,299.20000000000005,0.386,618.8,1020,0.602,0.597,537.2,612,0.879,40.8,251.60000000000002,292.4,448.79999999999995,95.19999999999999,54.400000000000006,149.60000000000002,136,2114.8,"MVP-1,CPOY-1,AS,NBA1"
3,Anthony Edwards,24,MIN,SG,61,60,2135,603.9,1232.2,0.489,207.4,512.4,0.399,396.5,719.8000000000001,0.554,0.572,347.7,439.2,0.796,36.6,268.40000000000003,305,225.70000000000002,85.39999999999999,48.800000000000004,176.9,115.89999999999999,1756.8,"CPOY-3,AS"
4,Jaylen Brown,29,BOS,SF,71,71,2442.4,738.4,1540.7,0.477,142,404.7,0.347,596.4,1136,0.523,0.522,426,532.5,0.795,78.10000000000001,411.8,489.90000000000003,362.09999999999997,71,28.400000000000002,255.6,191.70000000000002,2037.7,"MVP-6,AS,NBA2"
5,Tyrese Maxey,25,PHI,PG,70,70,2660,693,1498,0.462,217,602,0.367,476,903,0.525,0.536,371,420,0.892,21,266,287,462,133,56,168,154,1981,"CPOY-7,AS,NBA3"
6,Kawhi Leonard,34,LAC,SF,65,65,2086.5,637,1261,0.505,169,442,0.387,461.5,812.5,0.569,0.573,370.5,416,0.892,71.5,344.5,416,234,123.5,26,130,78,1813.5,"MVP-7,CPOY-10,AS,NBA2"
7,Donovan Mitchell,29,CLE,SG,70,70,2345,679,1400,0.483,224,616,0.364,455,784,0.577,0.563,371,427,0.865,49,266,315,399,105,21,196,161,1953,"MVP-7,AS,NBA2"
8,Nikola Jokić,30,DEN,C,65,65,2262,643.5,1131,0.569,110.5,292.5,0.38,533,838.5,0.636,0.618,396.5,481,0.831,195,643.5,838.5,695.5,91,52,240.5,175.5,1800.5,"MVP-2,CPOY-6,AS,NBA1"
9,Giannis Antetokounmpo,31,MIL,PF,36,36,1040.3999999999999,374.40000000000003,597.6,0.624,14.4,46.800000000000004,0.333,356.40000000000003,554.4,0.647,0.636,230.4,356.40000000000003,0.65,97.2,255.6,352.8,194.4,32.4,25.2,115.2,86.39999999999999,993.6,AS
10,Joel Embiid,31,PHI,C,38,38,1200.8,342,695.4,0.489,53.199999999999996,159.6,0.333,288.8,539.6,0.535,0.527,285,334.40000000000003,0.854,76,216.6,292.6,148.2,22.8,45.6,110.2,83.60000000000001,1022.1999999999999,NA
11,Lauri Markkanen,28,UTA,PF,42,42,1444.8,382.2,806.4,0.477,113.4,323.40000000000003,0.355,268.8,483,0.559,0.548,239.4,268.8,0.896,84,205.8,289.8,88.2,42,21,63,75.60000000000001,1121.3999999999999,NA
12,Stephen Curry,37,GSW,PG,43,41,1328.7,374.09999999999997,799.8000000000001,0.468,189.20000000000002,485.90000000000003,0.393,184.9,313.9,0.584,0.587,202.1,219.29999999999998,0.923,17.2,137.6,154.8,202.1,47.300000000000004,17.2,120.39999999999999,73.1,1143.8,AS
13,Devin Booker,29,PHO,SG,64,64,2144,544,1196.8,0.456,121.6,371.2,0.33,422.4,825.6,0.512,0.507,454.4,518.4,0.873,51.2,198.4,249.6,384,51.2,19.2,198.4,166.4,1670.4,AS
14,Jalen Brunson,29,NYK,PG,74,74,2590,688.2,1472.6,0.467,192.4,525.4,0.369,495.8,947.2,0.522,0.533,355.2,421.8,0.841,29.6,214.6,244.2,503.2,59.2,7.4,177.6,170.2,1924,"CPOY-5,AS,NBA2"
15,Kevin Durant,37,HOU,SF,78,78,2839.2,717.5999999999999,1372.8000000000002,0.52,187.2,452.4,0.413,530.4,928.2,0.572,0.588,405.6,468,0.874,39,382.20000000000005,429,374.4,62.400000000000006,70.2,249.60000000000002,140.4,2028,"CPOY-9,AS,NBA2"
16,Jamal Murray,28,DEN,PG,75,75,2655,660,1357.5,0.483,247.5,562.5,0.435,412.5,795,0.517,0.573,345,390,0.887,30,300,330,532.5,67.5,30,172.5,127.5,1905,"CPOY-2,AS,NBA3"
17,Victor Wembanyama,22,SAS,C,64,55,1868.8,550.4,1081.6,0.512,121.6,352,0.349,428.8,729.6,0.59,0.569,371.2,448,0.827,128,608,736,198.4,64,198.4,153.6,153.6,1600,"MVP-3,DPOY-1,AS,NBA1,DEF1"
18,Deni Avdija,25,POR,SF,66,66,2197.7999999999997,495,1062.6000000000001,0.462,125.39999999999999,396,0.318,369.59999999999997,673.1999999999999,0.547,0.521,488.40000000000003,607.1999999999999,0.802,72.60000000000001,382.8,455.40000000000003,442.2,52.800000000000004,39.6,250.79999999999998,165,1597.2,AS
19,Michael Porter Jr.,27,BRK,SF,52,52,1690,442,956.8,0.463,176.79999999999998,483.6,0.363,270.40000000000003,473.2,0.567,0.555,197.6,228.8,0.859,67.60000000000001,296.40000000000003,369.2,156,57.2,15.6,119.6,114.4,1258.3999999999999,NA
20,Pascal Siakam,31,IND,PF,62,62,2058.4,558,1153.2,0.484,105.39999999999999,291.40000000000003,0.358,452.59999999999997,861.8000000000001,0.527,0.529,260.40000000000003,378.2,0.693,86.8,322.40000000000003,409.2,235.6,68.2,24.8,136.4,148.79999999999998,1488,AS
21,Cade Cunningham,24,DET,PG,64,64,2169.6,550.4,1190.4,0.461,128,364.8,0.342,422.4,825.6,0.514,0.513,307.2,384,0.812,57.6,300.8,352,633.6,89.6,51.2,236.8,198.4,1529.6,"MVP-5,CPOY-4,AS,NBA1"
22,James Harden,36,2TM,PG,70,70,2436,490,1120,0.434,217,574,0.375,273,553,0.495,0.529,462,525,0.884,42,294,336,560,77,28,245,140,1652,NA
22,James Harden,36,LAC,PG,44,44,1557.6,321.2,770,0.419,136.4,387.20000000000005,0.347,189.2,382.79999999999995,0.492,0.506,338.8,374,0.901,26.4,184.8,211.2,356.4,57.2,17.6,162.8,83.6,1117.6,NA
22,James Harden,36,CLE,PG,26,26,878.8,163.79999999999998,351,0.466,80.60000000000001,184.6,0.435,83.2,169,0.5,0.58,124.8,150.79999999999998,0.84,13,111.8,124.8,200.20000000000002,20.8,13,83.2,54.6,533,NA
23,Keyonte George,22,UTA,PG,54,54,1787.4,399.6,880.2,0.456,135,361.8,0.371,270,518.4,0.515,0.532,334.8,378,0.892,21.6,178.2,199.8,329.4,59.400000000000006,16.2,167.4,118.80000000000001,1274.4,NA
24,Austin Reaves,27,LAL,SG,51,45,1759.5,372.3,759.9,0.49,117.3,326.40000000000003,0.36,255,433.5,0.588,0.567,321.3,372.3,0.871,30.599999999999998,209.1,239.70000000000002,280.5,56.1,20.400000000000002,153,112.2,1188.3,NA
25,Jalen Johnson,24,ATL,SF,72,72,2534.4,597.6,1231.2,0.489,122.39999999999999,338.40000000000003,0.352,482.40000000000003,885.6,0.541,0.537,302.40000000000003,381.59999999999997,0.788,100.8,640.8000000000001,741.6,568.8000000000001,86.39999999999999,28.8,244.79999999999998,151.20000000000002,1620,"AS,NBA3"
26,Paolo Banchero,23,ORL,PF,72,72,2505.6,525.6,1152,0.459,86.39999999999999,273.59999999999997,0.305,446.40000000000003,878.4,0.507,0.496,453.59999999999997,590.4,0.775,86.39999999999999,518.4,604.8000000000001,374.40000000000003,50.4,43.199999999999996,223.20000000000002,144,1598.3999999999999,NA
27,Jayson Tatum,27,BOS,PF,16,16,521.6,118.4,286.4,0.411,46.4,142.4,0.329,70.4,144,0.493,0.493,65.6,78.4,0.823,8,152,160,84.8,22.4,3.2,38.4,25.6,348.8,NA
28,Norman Powell,32,MIA,SG,58,52,1716.8000000000002,423.4,893.2,0.47,156.60000000000002,411.79999999999995,0.38,266.79999999999995,487.20000000000005,0.546,0.558,261,319,0.827,23.200000000000003,179.8,203,145,63.800000000000004,11.600000000000001,110.19999999999999,127.60000000000001,1258.6,AS
29,Brandon Ingram,28,TOR,SF,77,77,2602.6,616,1285.8999999999999,0.477,138.6,354.2,0.382,477.40000000000003,931.6999999999999,0.512,0.529,292.59999999999997,354.2,0.82,61.6,369.59999999999997,431.2,284.90000000000003,61.6,53.9,184.79999999999998,146.29999999999998,1655.5,AS
30,Trey Murphy III,25,NOP,SF,66,66,2343,495,1049.4,0.47,211.20000000000002,567.6,0.379,277.2,481.8,0.577,0.572,217.79999999999998,244.20000000000002,0.886,66,316.8,376.2,250.79999999999998,99,26.400000000000002,118.8,138.6,1419,NA
31,Julius Randle,31,MIN,PF,79,79,2607,576.6999999999999,1208.7,0.481,110.6,347.6,0.315,474,861.1,0.547,0.526,395,497.7,0.802,134.29999999999998,402.9,529.3000000000001,395,86.9,15.8,213.3,221.2,1666.9,NA
32,Cooper Flagg,19,DAL,SF,70,70,2345,560,1197,0.468,70,245,0.295,490,952,0.513,0.498,280,343,0.827,84,378,469,315,84,63,161,140,1470,ROY-1
33,Zion Williamson,25,NOP,PF,62,55,1841.3999999999999,483.59999999999997,806,0.6,0,6.2,0.25,483.59999999999997,806,0.601,0.6,334.8,465,0.716,124,229.4,353.40000000000003,198.4,62,31,124,142.6,1302,NA
34,LeBron James,41,LAL,SF,60,60,1992.0000000000002,474,918,0.515,78,245.99999999999997,0.317,396,678,0.586,0.557,234,318,0.737,42,324,366,432,72,36,180,84,1254,AS
35,Nickeil Alexander-Walker,27,ATL,SG,78,71,2605.2,546,1193.4,0.459,249.60000000000002,631.8,0.399,296.4,569.4,0.525,0.564,280.8,304.2,0.902,54.599999999999994,218.39999999999998,265.2,288.6,101.4,39,163.8,171.60000000000002,1622.4,MIP-1
36,Shaedon Sharpe,22,POR,SG,50,42,1470,390,869.9999999999999,0.452,105,305,0.337,290,560,0.514,0.511,155,195,0.787,50,165,215,130,70,5,145,100,1040,NA
37,Franz Wagner,24,ORL,SF,34,32,1020,244.8,506.6,0.481,47.599999999999994,139.39999999999998,0.345,197.2,367.20000000000005,0.533,0.529,163.2,197.2,0.823,44.2,132.6,176.8,112.19999999999999,30.6,10.2,57.8,71.4,700.4000000000001,NA
38,Tyler Herro,26,MIA,SG,33,28,1032.9,247.5,514.8,0.48,82.5,221.1,0.378,161.70000000000002,293.7,0.556,0.561,99,108.89999999999999,0.917,13.200000000000001,145.20000000000002,158.4,135.29999999999998,23.099999999999998,13.200000000000001,62.699999999999996,62.699999999999996,676.5,NA
39,Anthony Davis,32,DAL,PF,20,20,626,170,334,0.506,10,38,0.27,160,298,0.535,0.521,60,82,0.728,62,160,222,56,22,34,42,42,408,NA
40,Alperen Şengün,23,HOU,C,72,72,2397.6,583.1999999999999,1123.2,0.519,43.199999999999996,129.6,0.305,540,993.6,0.547,0.537,259.2,374.40000000000003,0.691,216,424.8,640.8000000000001,446.40000000000003,86.39999999999999,79.2,230.4,237.6,1468.8,AS
41,Dillon Brooks,30,PHO,SF,56,56,1702.3999999999999,414.40000000000003,957.6000000000001,0.435,128.79999999999998,369.59999999999997,0.344,291.2,588,0.492,0.501,168,201.6,0.842,44.800000000000004,162.4,201.6,100.8,56,11.200000000000001,100.8,184.79999999999998,1131.2,NA
42,Brandon Miller,23,CHO,SF,65,65,1969.5,455,1046.5,0.435,201.5,533,0.383,247,513.5,0.489,0.533,201.5,221,0.892,71.5,247,318.5,214.5,65,45.5,162.5,182,1313,NA
43,Bam Adebayo,28,MIA,C,73,73,2365.2,503.70000000000005,1146.1,0.442,124.1,401.5,0.318,379.6,744.5999999999999,0.509,0.497,328.5,423.4,0.778,146,584,730,233.60000000000002,87.6,51.099999999999994,116.80000000000001,124.1,1467.3000000000002,"DPOY-11,DEF2"
44,LaMelo Ball,24,CHO,PG,72,69,2016,504,1245.6000000000001,0.407,273.59999999999997,741.6,0.368,237.6,504,0.464,0.516,158.4,180,0.899,64.8,280.8,345.59999999999997,511.2,86.39999999999999,14.4,201.6,194.4,1447.2,NA
45,Desmond Bane,27,ORL,SG,82,82,2755.2000000000003,582.1999999999999,1205.3999999999999,0.484,164,426.40000000000003,0.391,418.2,779,0.535,0.553,311.59999999999997,344.40000000000003,0.908,98.39999999999999,237.79999999999998,336.2,336.2,82,41,164,254.20000000000002,1648.2,NA
46,Karl-Anthony Towns,30,NYK,C,75,75,2325,517.5,1035,0.501,112.5,307.5,0.368,405,727.5,0.557,0.556,360,412.5,0.858,232.5,652.5,892.5,225,67.5,37.5,187.5,255,1507.5,AS
47,Jimmy Butler,36,GSW,SF,38,38,1181.8,239.4,463.59999999999997,0.519,30.400000000000002,83.60000000000001,0.376,209,376.2,0.552,0.554,247,288.8,0.864,87.39999999999999,121.60000000000001,212.79999999999998,186.20000000000002,53.199999999999996,7.6000000000000005,60.800000000000004,45.6,760,NA
48,Ty Jerome,28,MEM,SG,15,15,339,102,214.5,0.474,42,100.5,0.42,60,115.5,0.522,0.572,49.5,55.5,0.875,10.5,31.5,42,85.5,16.5,4.5,27,31.5,295.5,NA
49,Jalen Duren,22,DET,C,70,70,1974,525,805,0.65,0,0,NA,525,805,0.65,0.65,322,427,0.747,266,469,735,140,56,56,133,196,1365,"DPOY-11,AS,NBA3"
50,Ja Morant,26,MEM,PG,20,20,570,132,322,0.41,20,86,0.235,112,238,0.473,0.441,106,118,0.897,8,58,66,162,20,6,72,40,390,NA
51,Jaren Jackson Jr.,26,2TM,C,48,48,1454.4,340.79999999999995,720,0.476,86.4,235.20000000000002,0.357,259.20000000000005,484.79999999999995,0.533,0.534,163.2,201.60000000000002,0.803,43.2,230.39999999999998,273.6,96,52.800000000000004,67.19999999999999,105.60000000000001,177.60000000000002,931.1999999999999,NA
51,Jaren Jackson Jr.,26,MEM,C,45,45,1381.5,319.5,670.5,0.475,81,220.50000000000003,0.359,238.5,450,0.531,0.534,148.5,189,0.797,40.5,216,261,85.5,45,67.5,99.00000000000001,171,864,NA
51,Jaren Jackson Jr.,26,UTA,C,3,3,72,24,48.900000000000006,0.49,5.1,15,0.333,18.9,33.900000000000006,0.559,0.541,14.100000000000001,15.899999999999999,0.875,0.8999999999999999,12,12.899999999999999,8.100000000000001,6,0.8999999999999999,6.8999999999999995,9,66.9,NA
52,RJ Barrett,25,TOR,SF,57,57,1727.1000000000001,399,815.1,0.491,96.89999999999999,285,0.339,307.8,535.8000000000001,0.572,0.55,199.5,279.3,0.717,57,245.1,302.09999999999997,188.1,39.9,17.099999999999998,96.89999999999999,148.20000000000002,1100.1000000000001,NA
53,Zach LaVine,30,SAC,SG,39,37,1224.6,261.3,546,0.479,97.5,253.5,0.39,163.8,292.5,0.556,0.569,124.80000000000001,140.4,0.88,7.800000000000001,101.4,109.19999999999999,89.69999999999999,27.299999999999997,11.7,74.1,81.9,748.8,NA
54,Darius Garland,26,2TM,PG,45,43,1345.5,310.5,670.5,0.46,121.50000000000001,306,0.396,189,364.5,0.514,0.551,103.49999999999999,121.50000000000001,0.861,18,90,108,301.5,45,9,130.5,85.5,846,NA
54,Darius Garland,26,CLE,PG,26,26,793,169,377,0.451,59.8,163.79999999999998,0.36,111.8,213.2,0.521,0.529,67.60000000000001,78,0.861,13,52,62.4,179.4,20.8,2.6,72.8,46.800000000000004,468,NA
54,Darius Garland,26,LAC,PG,19,17,552.9,138.7,294.5,0.471,62.699999999999996,144.4,0.438,76,150.1,0.503,0.578,36.1,43.699999999999996,0.86,5.7,38,43.699999999999996,121.60000000000001,22.8,5.7,57,36.1,378.09999999999997,NA
55,CJ McCollum,34,2TM,PG,76,60,2264.8,524.4,1155.2,0.455,190,509.2,0.375,334.40000000000003,646,0.519,0.538,182.4,235.6,0.772,60.800000000000004,190,250.79999999999998,296.4,60.800000000000004,38,136.8,144.4,1421.2,NA
55,CJ McCollum,34,WAS,SG,35,35,1081.5,241.5,528.5,0.454,94.5,245,0.393,143.5,283.5,0.505,0.544,80.5,101.5,0.804,24.5,101.5,122.5,126,24.5,10.5,59.5,73.5,658,NA
55,CJ McCollum,34,ATL,PG,41,25,1180.8,287,623.1999999999999,0.456,94.3,266.5,0.357,188.6,360.8,0.529,0.532,102.5,135.29999999999998,0.748,41,90.2,127.10000000000001,168.1,41,24.599999999999998,77.89999999999999,69.7,766.6999999999999,NA
56,De'Aaron Fox,28,SAS,PG,72,72,2232,511.2,1044,0.486,129.6,396,0.332,381.59999999999997,655.1999999999999,0.58,0.549,187.20000000000002,244.79999999999998,0.76,43.199999999999996,230.4,273.59999999999997,446.40000000000003,86.39999999999999,21.599999999999998,165.6,165.6,1339.2,AS
57,Jerami Grant,31,POR,PF,57,38,1692.8999999999999,330.59999999999997,729.6,0.453,136.79999999999998,347.7,0.389,193.79999999999998,381.90000000000003,0.513,0.547,262.2,319.2,0.814,57,142.5,199.5,119.7,39.9,34.199999999999996,119.7,142.5,1060.2,NA
58,Kon Knueppel,20,CHO,SF,81,80,2551.5,518.4,1085.4,0.475,275.4,639.9,0.425,243,445.5,0.548,0.601,194.4,226.79999999999998,0.863,97.2,332.09999999999997,429.3,275.4,56.699999999999996,16.2,162,170.1,1498.5,ROY-2
59,DeMar DeRozan,36,SAC,PF,77,77,2402.4,500.5,1008.6999999999999,0.497,46.199999999999996,146.29999999999998,0.32,454.3,854.6999999999999,0.527,0.52,377.3,431.2,0.868,38.5,192.5,223.29999999999998,315.7,77,23.099999999999998,92.39999999999999,146.29999999999998,1416.8,NA
60,Amen Thompson,23,HOU,PG,79,79,2954.6,560.9,1042.8,0.534,23.7,118.5,0.216,529.3000000000001,924.3,0.573,0.545,300.2,387.1,0.779,237,379.2,616.1999999999999,418.7,118.5,47.4,189.6,173.8,1445.7,DPOY-8
61,Evan Mobley,24,CLE,PF,65,63,2073.5,468,858,0.546,65,208,0.297,409.5,650,0.626,0.582,182,299,0.606,156,429,585,234,45.5,110.5,123.5,156,1183,NA
62,Scottie Barnes,24,TOR,PF,80,80,2680,568,1120,0.507,72,224,0.304,504,896,0.557,0.537,240,296,0.815,152,448,600,472,112,120,208,208,1448,"DPOY-5,AS,DEF2"
63,Trae Young,27,2TM,PG,15,15,384,81,177,0.458,27,79.5,0.338,54,97.5,0.557,0.534,79.5,97.5,0.825,4.5,25.5,30,120,13.5,1.5,39,33,268.5,NA
63,Trae Young,27,ATL,PG,10,10,280,56,135,0.415,18,59,0.305,38,76,0.5,0.481,63,73,0.863,0,15,15,89,10,1,26,20,193,NA
63,Trae Young,27,WAS,PG,5,5,104,25,42,0.595,9,21,0.429,16,21,0.762,0.702,17,24,0.708,4,11,15,31,3,1,13,13,76,NA
64,Jalen Green,23,PHO,SG,32,27,828.8,217.6,512,0.422,70.4,227.2,0.313,144,284.8,0.509,0.491,64,86.4,0.747,16,99.2,115.2,89.6,35.2,9.6,73.6,41.6,569.6,NA
65,Saddiq Bey,26,NOP,SF,72,64,2246.4,439.2,964.8000000000001,0.451,151.20000000000002,410.40000000000003,0.367,288,554.4,0.514,0.529,244.79999999999998,295.2,0.841,122.39999999999999,280.8,403.2,180,64.8,7.2,64.8,93.60000000000001,1274.3999999999999,NA
66,Bennedict Mathurin,23,2TM,SF,54,25,1620,291.6,675,0.43,75.6,237.60000000000002,0.315,216,437.4,0.492,0.485,291.6,334.8,0.869,54,237.60000000000002,291.6,129.6,43.2,10.8,118.80000000000001,135,950.4000000000001,NA
66,Bennedict Mathurin,23,IND,SF,28,24,890.4,154,358.40000000000003,0.433,58.800000000000004,156.79999999999998,0.372,98,201.6,0.48,0.514,128.79999999999998,145.6,0.884,22.400000000000002,128.79999999999998,151.20000000000002,64.39999999999999,16.8,2.8000000000000003,64.39999999999999,75.60000000000001,498.40000000000003,NA
66,Bennedict Mathurin,23,LAC,SF,26,1,728,135.20000000000002,319.8,0.426,18.2,83.2,0.207,119.6,236.6,0.502,0.453,163.79999999999998,189.79999999999998,0.858,33.800000000000004,109.2,143,65,26,7.8,54.6,59.8,452.4,NA
67,Coby White,25,2TM,SG,50,26,1250,280,625,0.446,114.99999999999999,320,0.362,165,305,0.534,0.539,195,240,0.817,15,155,170,200,25,5,130,110.00000000000001,869.9999999999999,NA
67,Coby White,25,CHI,SG,29,26,843.9000000000001,171.10000000000002,394.4,0.438,72.5,208.8,0.346,98.6,185.60000000000002,0.541,0.529,124.69999999999999,153.7,0.805,5.800000000000001,101.5,107.30000000000001,136.3,20.299999999999997,2.9000000000000004,87,69.6,539.4000000000001,NA
67,Coby White,25,CHO,SG,21,0,405.3,105,231,0.461,42,109.2,0.391,63,119.7,0.525,0.554,73.5,86.1,0.839,10.5,52.5,63,63,4.2,2.1,39.9,39.9,327.59999999999997,NA
68,Kevin Porter Jr.,25,MIL,PG,38,36,1261.6000000000001,239.4,513,0.465,45.6,144.4,0.322,193.79999999999998,372.40000000000003,0.52,0.51,136.8,155.79999999999998,0.878,34.2,163.4,197.6,281.2,83.60000000000001,19,110.2,87.39999999999999,661.1999999999999,NA
69,Paul George,35,PHI,PF,37,37,1135.8999999999999,225.7,514.3000000000001,0.439,99.9,255.3,0.392,125.8,259,0.484,0.536,92.5,111,0.82,18.5,177.6,196.1,133.20000000000002,62.9,14.8,62.9,85.1,640.1,NA
70,Ryan Rollins,23,MIL,PG,74,67,2375.4,488.4,1028.6000000000001,0.472,185,451.4,0.406,303.4,577.1999999999999,0.523,0.561,125.8,155.4,0.796,51.8,281.2,340.4,414.4,111,29.6,199.8,192.4,1280.2,NA
71,Miles Bridges,27,CHO,PF,77,77,2387,477.40000000000003,1039.5,0.46,146.29999999999998,446.59999999999997,0.333,331.09999999999997,600.6,0.554,0.531,207.9,254.1,0.822,77,377.3,446.59999999999997,246.4,46.199999999999996,30.8,107.8,130.9,1316.7,NA
72,Chet Holmgren,23,OKC,PF,69,69,1994.1,434.7,779.7,0.557,89.7,241.5,0.362,345,538.1999999999999,0.646,0.614,227.7,282.9,0.792,131.1,483,614.1,117.3,41.4,131.1,110.4,158.7,1179.9,"DPOY-2,AS,NBA3,DEF1"
73,Jalen Williams,24,OKC,SG,33,33,937.1999999999999,214.5,445.5,0.484,23.099999999999998,75.89999999999999,0.299,191.4,369.59999999999997,0.523,0.51,108.89999999999999,128.7,0.837,26.400000000000002,125.39999999999999,151.79999999999998,181.5,39.6,9.9,62.699999999999996,66,564.3000000000001,NA
74,Josh Giddey,23,CHI,PG,54,51,1733.4,318.6,718.2,0.448,102.6,280.8,0.364,216,432,0.502,0.52,172.8,226.8,0.763,64.8,383.4,448.20000000000005,491.4,54,27,194.4,91.8,918,NA
75,Payton Pritchard,28,BOS,PG,79,50,2559.6,505.6,1090.2,0.464,213.3,560.9,0.377,292.3,529.3000000000001,0.556,0.561,118.5,134.29999999999998,0.89,71.10000000000001,244.9,308.09999999999997,410.8,55.3,7.9,110.6,118.5,1343,NA
76,Andrew Nembhard,26,IND,PG,57,57,1784.1000000000001,330.59999999999997,752.4,0.442,108.3,296.40000000000003,0.361,228,456,0.495,0.513,193.79999999999998,233.7,0.825,22.8,136.79999999999998,159.6,438.90000000000003,51.300000000000004,5.7,136.79999999999998,125.4,963.3,NA
77,Kristaps Porziņģis,30,2TM,C,32,23,768,172.8,387.2,0.446,54.4,160,0.338,118.4,227.2,0.522,0.515,134.4,156.8,0.842,41.6,128,166.4,80,19.2,38.4,41.6,92.8,534.4,NA
77,Kristaps Porziņģis,30,ATL,C,17,12,413.1,95.19999999999999,210.8,0.457,30.6,86.69999999999999,0.36,64.6,124.1,0.524,0.531,68,81.6,0.84,20.4,66.3,86.69999999999999,45.900000000000006,8.5,22.1,15.3,54.400000000000006,290.70000000000005,NA
77,Kristaps Porziņģis,30,GSW,C,15,11,355.5,76.5,178.5,0.433,22.5,73.5,0.311,54,103.5,0.519,0.497,64.5,76.5,0.844,19.5,61.49999999999999,79.5,34.5,9,16.5,25.5,37.5,241.50000000000003,NA
78,OG Anunoby,28,NYK,PF,67,67,2224.4,388.59999999999997,804,0.484,154.1,408.7,0.386,234.5,395.3,0.584,0.581,180.9,221.1,0.828,87.10000000000001,268,348.40000000000003,147.4,107.2,46.9,120.60000000000001,160.79999999999998,1118.8999999999999,"DPOY-10,DEF2"
79,Stephon Castle,21,SAS,PG,68,67,2040,387.6,816,0.471,81.6,244.8,0.332,306,571.2,0.531,0.521,278.79999999999995,380.79999999999995,0.734,95.19999999999999,265.2,360.4,503.20000000000005,74.80000000000001,20.4,217.60000000000002,224.39999999999998,1135.6,NA
80,Dejounte Murray,29,NOP,PG,14,14,389.2,88.2,182,0.484,19.599999999999998,61.60000000000001,0.306,68.60000000000001,120.39999999999999,0.575,0.536,39.199999999999996,44.800000000000004,0.867,4.2,71.39999999999999,75.60000000000001,89.60000000000001,22.400000000000002,2.8000000000000003,47.6,33.6,233.79999999999998,NA
81,Grayson Allen,30,PHO,SG,51,27,1468.8,270.3,668.1,0.403,158.1,453.90000000000003,0.349,112.2,214.20000000000002,0.519,0.522,142.79999999999998,168.29999999999998,0.857,35.699999999999996,117.3,153,193.79999999999998,71.39999999999999,15.299999999999999,81.60000000000001,117.3,841.5,NA
82,Derrick White,31,BOS,SG,77,77,2625.7000000000003,438.90000000000003,1108.8,0.394,207.9,639.1,0.327,231,469.7,0.487,0.489,184.79999999999998,200.20000000000002,0.902,84.7,254.1,338.8,415.8,84.7,100.10000000000001,130.9,115.5,1270.5,"DPOY-6,DEF1"
83,Immanuel Quickley,26,TOR,PG,70,70,2233,399,903,0.443,175,476,0.374,224,427,0.52,0.541,168,210,0.821,35,245,280,413,91,7,105,140,1148,NA
84,Matas Buzelis,21,CHI,PF,77,77,2248.4,446.59999999999997,962.5,0.463,169.4,492.8,0.349,269.5,469.7,0.583,0.553,184.79999999999998,238.70000000000002,0.786,77,369.59999999999997,446.59999999999997,161.70000000000002,53.9,115.5,161.70000000000002,177.1,1255.1000000000001,NA
85,Jrue Holiday,35,POR,PG,53,51,1558.1999999999998,318,710.2,0.451,137.8,360.4,0.378,185.5,344.5,0.527,0.548,90.1,106,0.838,68.9,174.89999999999998,243.79999999999998,323.29999999999995,53,5.300000000000001,148.39999999999998,79.5,863.9000000000001,NA
86,Alex Sarr,20,WAS,C,48,48,1305.6,316.79999999999995,657.5999999999999,0.482,48,148.8,0.333,264,504,0.526,0.52,100.80000000000001,144,0.692,105.60000000000001,249.60000000000002,355.20000000000005,129.60000000000002,38.400000000000006,96,81.6,105.60000000000001,782.4000000000001,NA
87,Dariq Whitehead,21,MEM,SF,6,2,183,37.2,93,0.398,19.200000000000003,60,0.317,18,33,0.545,0.5,4.800000000000001,7.199999999999999,0.714,1.7999999999999998,22.200000000000003,24,9,4.199999999999999,0,10.2,13.200000000000001,97.80000000000001,NA
88,Aaron Gordon,30,DEN,PF,36,33,1004.4,198,399.59999999999997,0.497,61.199999999999996,158.4,0.389,136.79999999999998,241.20000000000002,0.568,0.574,126,162,0.767,50.4,158.4,208.79999999999998,97.2,21.599999999999998,10.799999999999999,39.6,61.199999999999996,583.1999999999999,NA
89,VJ Edgecombe,20,PHI,SG,75,75,2625,450,1027.5,0.438,150,420,0.354,300,607.5,0.496,0.51,150,180,0.818,120,300,420,315,105,37.5,135,217.5,1200,ROY-3
90,Domantas Sabonis,29,SAC,C,19,15,564.3,119.7,220.4,0.543,5.7,26.599999999999998,0.185,115.89999999999999,193.79999999999998,0.593,0.554,55.1,77.89999999999999,0.727,64.6,152,216.6,77.89999999999999,17.1,3.8000000000000003,51.300000000000004,66.5,300.2,NA
91,Jabari Smith Jr.,22,HOU,PF,77,77,2702.7000000000003,438.90000000000003,970.1999999999999,0.45,177.1,485.09999999999997,0.363,261.8,485.09999999999997,0.537,0.541,161.70000000000002,207.9,0.775,107.8,423.5,531.3000000000001,146.29999999999998,53.9,69.3,107.8,192.5,1216.6000000000001,NA
92,Collin Sexton,27,2TM,SG,68,22,1611.6,360.4,741.2,0.485,108.80000000000001,278.79999999999995,0.401,244.8,462.4,0.536,0.561,217.60000000000002,258.4,0.855,40.8,115.6,156.39999999999998,224.39999999999998,74.80000000000001,6.800000000000001,142.8,142.8,1047.2,NA
92,Collin Sexton,27,CHO,SG,42,12,936.6,201.6,415.8,0.488,58.8,147,0.393,147,268.8,0.539,0.557,134.4,155.4,0.877,16.8,63,79.8,155.4,37.800000000000004,8.4,88.2,75.60000000000001,596.4,NA
92,Collin Sexton,27,CHI,SG,26,10,676,158.6,327.59999999999997,0.482,54.6,135.20000000000002,0.41,104,195,0.531,0.566,83.2,101.39999999999999,0.822,23.400000000000002,52,75.39999999999999,65,39,2.6,52,70.2,455,NA
93,Jarrett Allen,27,CLE,C,56,56,1517.6000000000001,336,526.4,0.638,0,11.200000000000001,0.1,336,520.8000000000001,0.649,0.639,184.79999999999998,263.2,0.709,145.6,330.40000000000003,476,100.8,56,44.800000000000004,72.8,95.2,862.4,NA
94,Jaime Jaquez Jr.,24,MIA,SF,75,1,2122.5,465,915,0.507,60,180,0.317,405,735,0.555,0.539,165,217.5,0.769,97.5,277.5,375,352.5,52.5,22.5,150,135,1155,6MOY-2
95,Andrew Wiggins,30,MIA,SF,68,68,2060.4,387.6,822.8,0.475,136,333.20000000000005,0.414,251.60000000000002,489.6,0.516,0.559,129.2,163.2,0.784,115.6,210.8,326.4,183.60000000000002,74.80000000000001,68,102,156.39999999999998,1047.2,NA
96,Naji Marshall,28,DAL,SF,74,47,2183,421.8,821.4,0.51,59.2,214.6,0.291,355.2,606.8,0.587,0.548,229.4,303.4,0.76,66.60000000000001,281.2,347.8,244.2,81.4,7.4,118.4,140.6,1124.8,NA
97,Onyeka Okongwu,25,ATL,C,74,63,2294,414.4,858.4,0.48,140.6,384.8,0.376,266.40000000000003,473.6,0.564,0.564,155.4,199.8,0.757,140.6,421.8,562.4,229.4,81.4,81.4,125.8,244.2,1124.8,NA
98,Russell Westbrook,37,SAC,SF,64,58,1856,358.4,838.4,0.427,128,377.6,0.338,230.4,460.8,0.5,0.503,128,185.6,0.694,83.2,268.8,345.6,428.8,83.2,12.8,211.2,147.2,972.8,NA
99,Nikola Vučević,35,2TM,C,64,49,1817.6,396.8,800,0.493,102.4,268.8,0.369,294.4,531.2,0.557,0.556,76.8,96,0.828,128,409.6,537.6,211.2,38.4,38.4,83.2,128,966.4,NA
99,Nikola Vučević,35,CHI,C,48,48,1478.4,331.20000000000005,662.4000000000001,0.505,81.6,216,0.376,249.60000000000002,441.59999999999997,0.568,0.567,62.400000000000006,72,0.838,100.80000000000001,331.20000000000005,432,182.39999999999998,33.599999999999994,28.799999999999997,67.19999999999999,96,811.1999999999999,NA
99,Nikola Vučević,35,BOS,C,16,1,337.6,60.8,139.2,0.439,17.6,52.8,0.34,43.2,86.4,0.5,0.504,14.4,19.2,0.789,25.6,81.6,105.6,32,6.4,9.6,16,30.4,155.2,NA
100,Anthony Black,22,ORL,PG,64,40,1907.2,345.6,774.4,0.447,102.4,300.8,0.333,243.2,473.6,0.519,0.512,166.4,230.4,0.732,44.8,198.4,243.2,236.8,89.6,44.8,134.4,172.8,960,NA
101,Kennedy Chandler,23,UTA,PG,11,2,355.29999999999995,60.5,137.5,0.445,15.399999999999999,38.5,0.395,46.2,99,0.465,0.5,27.5,42.9,0.651,5.5,30.799999999999997,37.4,73.7,11,2.2,23.1,23.1,165,NA
102,Brice Sensabaugh,22,UTA,SF,75,22,1762.5,397.5,855,0.46,165,442.5,0.367,232.5,412.5,0.559,0.554,165,202.5,0.826,52.5,172.5,232.5,142.5,52.5,15,127.5,142.5,1117.5,NA
103,Ayo Dosunmu,26,2TM,SG,69,19,1883.7,386.4,745.2,0.517,124.2,282.9,0.439,262.2,469.2,0.563,0.599,124.2,144.9,0.876,48.3,193.2,234.6,248.4,55.2,20.7,96.6,131.1,1021.2,6MOY-9
103,Ayo Dosunmu,26,CHI,SG,45,10,1188,251.99999999999997,486.00000000000006,0.514,85.5,193.5,0.451,162,292.5,0.556,0.604,90,103.49999999999999,0.857,31.499999999999996,103.49999999999999,135,162,36,13.5,62.99999999999999,76.5,675,NA
103,Ayo Dosunmu,26,MIN,SG,24,9,693.5999999999999,136.8,261.6,0.521,36,86.4,0.414,100.80000000000001,175.2,0.575,0.59,36,40.8,0.925,14.399999999999999,86.4,100.80000000000001,84,24,7.199999999999999,36,52.800000000000004,345.6,NA
104,Kyshawn George,22,WAS,SF,48,48,1392,254.39999999999998,576,0.438,100.80000000000001,259.20000000000005,0.381,153.60000000000002,316.79999999999995,0.486,0.524,105.60000000000001,129.60000000000002,0.802,43.2,201.60000000000002,244.79999999999998,216,48,43.2,124.80000000000001,168,710.4000000000001,NA
105,Jaden McDaniels,25,MIN,PF,73,73,2314.1,416.1,810.3,0.515,102.19999999999999,248.2,0.412,313.9,562.1,0.562,0.579,146,175.2,0.835,73,233.60000000000002,306.6,197.10000000000002,80.30000000000001,73,131.4,240.89999999999998,1080.4,NA
106,Peyton Watson,23,DEN,SF,54,40,1598.4,286.2,583.2,0.491,81,194.4,0.411,205.2,383.4,0.531,0.56,140.4,189,0.73,48.6,216,264.6,113.4,48.6,59.400000000000006,91.8,135,788.4,NA
107,Mikal Bridges,29,NYK,SF,82,82,2689.6,475.59999999999997,959.4,0.49,155.79999999999998,418.2,0.371,319.8,541.1999999999999,0.582,0.571,82,98.39999999999999,0.827,82,229.6,311.59999999999997,303.40000000000003,106.60000000000001,65.60000000000001,82,164,1180.8,NA
108,Walker Kessler,24,UTA,C,5,5,154,26,37,0.703,6,8,0.75,20,29,0.69,0.784,14,20,0.7,23,31,54,15,7,9,16,22,72,NA
109,Anfernee Simons,26,2TM,SG,55,5,1369.5,286,649,0.44,148.5,379.5,0.385,137.5,269.5,0.517,0.552,71.5,77,0.896,33,104.5,137.5,132,27.5,5.5,66,93.5,786.5,NA
109,Anfernee Simons,26,BOS,SG,49,0,1200.5,249.89999999999998,568.4,0.44,132.3,328.3,0.395,117.6,240.10000000000002,0.502,0.555,63.7,73.5,0.889,24.5,93.1,117.6,117.6,29.4,4.9,53.900000000000006,83.3,695.8,NA
109,Anfernee Simons,26,CHI,SG,6,5,169.8,34.8,79.80000000000001,0.438,16.200000000000003,49.800000000000004,0.32,19.200000000000003,30,0.633,0.538,4.800000000000001,4.800000000000001,1,4.800000000000001,12,16.799999999999997,18,0,1.7999999999999998,13.200000000000001,12,91.19999999999999,NA
110,Jeremiah Fears,19,NOP,PG,82,49,2115.6,434.59999999999997,1008.6,0.434,98.39999999999999,303.40000000000003,0.33,336.2,697,0.48,0.485,196.79999999999998,246,0.789,57.4,237.79999999999998,303.40000000000003,278.8,98.39999999999999,32.800000000000004,180.4,147.6,1172.6000000000001,NA
111,Cormac Ryan,27,MIL,SG,11,2,270.6,52.8,102.30000000000001,0.52,27.5,59.400000000000006,0.458,26.4,42.9,0.605,0.652,24.200000000000003,26.4,0.923,7.699999999999999,19.8,27.5,18.7,11,3.3,16.5,27.5,157.3,NA
112,Scoot Henderson,21,POR,PG,30,10,747,144,342,0.418,57,162,0.352,87,180,0.478,0.501,84,99,0.84,18,63,81,111,27,9,72,84,426,NA
113,P.J. Washington,27,DAL,PF,56,53,1736,296.8,660.8000000000001,0.45,78.39999999999999,235.20000000000002,0.325,218.4,425.59999999999997,0.519,0.508,123.20000000000002,184.79999999999998,0.687,84,308,392,100.8,56,61.60000000000001,95.2,117.60000000000001,795.1999999999999,NA
114,Ivica Zubac,28,2TM,C,48,47,1444.8000000000002,288,480,0.598,0,0,NA,288,480,0.598,0.598,100.80000000000001,144,0.711,163.2,345.6,508.79999999999995,105.60000000000001,19.200000000000003,38.400000000000006,86.4,110.39999999999999,676.8,NA
114,Ivica Zubac,28,LAC,C,43,42,1328.7,262.3,430,0.613,0,0,NA,262.3,430,0.613,0.613,94.60000000000001,133.3,0.705,146.2,326.8,473,94.60000000000001,17.2,34.4,81.7,103.2,619.2,NA
114,Ivica Zubac,28,IND,C,5,5,118,25,53,0.472,0,0,NA,25,53,0.472,0.472,8,10,0.8,14,22,36,9,2,4,4,8,58,NA
115,Tre Jones,26,CHI,PG,65,41,1755,338,617.5,0.553,39,130,0.315,299,487.5,0.616,0.586,188.5,227.5,0.841,39,169,201.5,351,78,13,91,91,916.5,NA
116,Kelly Oubre Jr.,30,PHI,SF,50,41,1575,254.99999999999997,545,0.467,85,240,0.36,170,305,0.551,0.546,110.00000000000001,145,0.766,50,200,250,80,70,25,70,125,705,NA
117,Santi Aldama,25,MEM,PF,43,11,1199.7,227.9,477.3,0.479,68.8,202.1,0.35,159.1,275.2,0.572,0.553,77.4,116.10000000000001,0.667,68.8,219.29999999999998,288.1,124.7,38.7,30.099999999999998,55.9,68.8,602,NA
118,Keegan Murray,25,SAC,PF,23,22,793.5,126.5,299,0.42,29.900000000000002,112.7,0.277,94.3,188.6,0.505,0.472,39.1,48.300000000000004,0.776,32.199999999999996,98.89999999999999,131.1,39.1,23,36.800000000000004,27.599999999999998,41.4,322,NA
119,Devin Vassell,25,SAS,SG,67,65,2043.5,328.3,757.1,0.437,167.5,428.8,0.384,160.79999999999998,321.59999999999997,0.508,0.547,107.2,127.3,0.815,40.199999999999996,227.79999999999998,268,167.5,60.300000000000004,26.8,60.300000000000004,107.2,931.3000000000001,NA
120,Ace Bailey,19,UTA,SF,72,61,1987.2,396,892.8000000000001,0.443,136.79999999999998,396,0.344,259.2,496.8,0.522,0.52,64.8,86.39999999999999,0.75,100.8,201.6,302.40000000000003,129.6,57.6,50.4,108,194.4,993.6,NA
121,Aaron Nesmith,26,IND,SF,45,42,1336.5,211.5,513,0.414,103.49999999999999,279,0.379,108,234,0.455,0.517,90,112.5,0.829,49.50000000000001,139.5,189,85.5,27,22.5,62.99999999999999,125.99999999999999,621,NA
122,Brandin Podziemski,22,GSW,SG,82,43,2337,393.59999999999997,869.1999999999999,0.455,155.79999999999998,410,0.371,237.79999999999998,451,0.531,0.543,188.6,237.79999999999998,0.797,73.8,344.40000000000003,418.2,303.40000000000003,90.2,16.400000000000002,131.20000000000002,139.4,1131.6000000000001,NA
123,Jalen Suggs,24,ORL,PG,57,56,1573.2,279.3,649.8000000000001,0.435,119.7,359.09999999999997,0.339,159.6,290.7,0.554,0.529,102.60000000000001,119.7,0.855,34.199999999999996,182.4,222.29999999999998,313.5,102.60000000000001,39.9,153.9,142.5,786.6,NA
124,De'Andre Hunter,28,2TM,SF,45,25,1174.5,206.99999999999997,499.5,0.415,76.5,247.5,0.305,135,256.5,0.522,0.49,125.99999999999999,144,0.867,31.499999999999996,153,184.49999999999997,90,31.499999999999996,4.5,76.5,112.5,616.5,NA
124,De'Andre Hunter,28,CLE,SF,43,23,1126.6,202.1,481.59999999999997,0.423,73.1,236.5,0.308,129,245.1,0.535,0.499,120.39999999999999,137.6,0.869,30.099999999999998,154.8,180.6,90.3,30.099999999999998,4.3,73.1,107.5,602,NA
124,De'Andre Hunter,28,SAC,SF,2,2,51,4,19,0.211,2,9,0.222,2,10,0.2,0.263,5,6,0.833,1,2,3,1,0,0,4,5,15,NA
125,Bobby Portis,30,MIL,PF,67,9,1621.3999999999999,368.5,750.4,0.488,134,294.8,0.456,227.79999999999998,455.59999999999997,0.509,0.578,46.9,67,0.706,87.10000000000001,341.7,428.8,107.2,40.199999999999996,13.4,67,107.2,917.9,NA
126,John Collins,28,LAC,PF,69,56,1869.9,365.7,662.4,0.552,89.7,220.8,0.406,276,441.6,0.625,0.62,117.3,151.8,0.766,110.4,255.3,365.7,69,62.1,48.3,96.6,186.3,938.4,NA
127,Cedric Coward,22,MEM,SG,62,47,1599.6000000000001,303.8,651,0.471,93,272.8,0.338,210.79999999999998,372,0.568,0.542,142.6,167.4,0.843,80.60000000000001,279,365.8,173.6,37.199999999999996,24.8,105.39999999999999,124,843.1999999999999,ROY-5
128,Zach Edey,23,MEM,C,11,11,283.8,61.599999999999994,97.9,0.633,1.1,5.5,0.2,60.5,93.5,0.656,0.638,25.299999999999997,31.9,0.781,42.9,79.2,122.1,12.100000000000001,6.6,20.9,26.4,37.4,149.6,NA
129,Ajay Mitchell,23,OKC,SG,57,16,1470.6000000000001,285,592.8000000000001,0.485,62.7,176.70000000000002,0.347,222.29999999999998,416.09999999999997,0.543,0.536,142.5,159.6,0.87,39.9,148.20000000000002,188.1,205.20000000000002,68.39999999999999,17.099999999999998,79.8,119.7,775.1999999999999,6MOY-5
130,Naz Reid,26,MIN,C,77,3,2009.7,400.40000000000003,870.1,0.456,161.70000000000002,446.59999999999997,0.362,238.70000000000002,423.5,0.556,0.549,92.39999999999999,123.2,0.732,92.39999999999999,385,477.40000000000003,169.4,77,77,123.2,192.5,1047.2,6MOY-4
131,Cam Thomas,24,2TM,SG,42,8,882,189,462,0.41,50.4,168,0.31,138.6,294,0.468,0.466,138.6,168,0.811,12.6,58.8,71.39999999999999,109.2,8.4,4.2,75.60000000000001,42,567,NA
131,Cam Thomas,24,BRK,SG,24,8,583.2,122.39999999999999,307.20000000000005,0.399,38.400000000000006,117.60000000000001,0.325,84,192,0.445,0.461,91.19999999999999,108,0.843,9.600000000000001,33.599999999999994,43.2,74.4,4.800000000000001,2.4000000000000004,48,31.200000000000003,374.4,NA
131,Cam Thomas,24,MIL,SG,18,0,298.8,66.60000000000001,153,0.431,14.4,50.4,0.275,52.199999999999996,102.60000000000001,0.51,0.477,46.800000000000004,61.199999999999996,0.754,1.8,25.2,28.8,34.199999999999996,5.3999999999999995,1.8,25.2,12.6,192.6,NA
132,Tim Hardaway Jr.,33,DEN,SG,80,6,2128,352,776,0.447,224,552,0.407,128,232,0.541,0.591,160,200,0.811,16,192,208,112,40,8,40,104,1080,6MOY-3
133,Reed Sheppard,21,HOU,SG,82,21,2148.4,410,943,0.43,229.6,574,0.394,180.4,369,0.486,0.55,65.60000000000001,82,0.802,24.599999999999998,213.20000000000002,237.79999999999998,278.8,123,57.4,123,164,1107,6MOY-6
134,Toumani Camara,25,POR,PF,82,82,2730.6,393.59999999999997,893.8000000000001,0.44,221.4,590.4,0.37,172.20000000000002,295.2,0.579,0.563,98.39999999999999,139.4,0.708,131.20000000000002,295.2,418.2,205,90.2,32.800000000000004,147.6,237.79999999999998,1098.8,NA
135,Quentin Grimes,25,PHI,SG,75,19,2205,337.5,757.5,0.45,127.5,382.5,0.334,210,375,0.568,0.534,202.5,240,0.84,45,225,270,247.5,67.5,30,135,157.5,1005,NA
136,Jordan Poole,26,NOP,PG,39,8,932.0999999999999,163.8,444.6,0.372,97.5,288.6,0.333,70.2,156,0.442,0.48,97.5,113.1,0.86,7.800000000000001,66.3,78,120.9,23.4,15.600000000000001,70.2,89.69999999999999,522.6,NA
137,Tobias Harris,33,DET,PF,63,63,1745.1,308.70000000000005,661.5,0.469,81.9,220.5,0.368,226.8,434.70000000000005,0.521,0.531,138.60000000000002,157.5,0.866,56.7,270.9,321.29999999999995,157.5,56.7,25.200000000000003,63,107.1,837.9000000000001,NA
138,Keldon Johnson,26,SAS,SF,82,0,1910.6000000000001,410,795.4,0.519,98.39999999999999,270.59999999999997,0.363,311.59999999999997,524.8000000000001,0.601,0.582,155.79999999999998,196.79999999999998,0.794,139.4,303.40000000000003,442.8,114.8,49.199999999999996,8.200000000000001,73.8,164,1082.3999999999999,6MOY-1
139,Jaylon Tyson,23,CLE,SG,66,42,1775.3999999999999,330,673.1999999999999,0.493,132,297,0.446,198,369.59999999999997,0.53,0.592,79.2,105.60000000000001,0.738,118.8,217.79999999999998,336.59999999999997,145.20000000000002,52.800000000000004,26.400000000000002,99,165,871.1999999999999,NA
140,Kyle Kuzma,30,MIL,PF,69,43,1807.8,338.1,690,0.492,82.8,241.5,0.347,255.3,448.5,0.569,0.552,138,186.3,0.726,55.2,255.3,310.5,186.3,48.3,27.6,117.3,131.1,897,NA
141,Brandon Williams,26,DAL,PG,66,15,1465.2,290.40000000000003,613.8000000000001,0.472,33,151.79999999999998,0.232,257.4,462,0.552,0.501,244.20000000000002,303.59999999999997,0.793,33,158.4,191.4,257.4,59.4,19.8,125.39999999999999,105.60000000000001,858,NA
142,Sam Merrill,29,CLE,SG,52,38,1378,223.6,483.6,0.461,156,374.40000000000003,0.421,67.60000000000001,109.2,0.596,0.624,57.2,67.60000000000001,0.855,26,104,135.20000000000002,124.8,31.2,5.2,41.6,124.8,665.6,NA
143,Collin Gillespie,26,PHO,PG,80,58,2280,352,840,0.418,232,576,0.401,120,264,0.455,0.556,80,88,0.874,88,240,328,368,96,16,128,128,1016,NA
144,Deandre Ayton,27,LAL,C,72,72,1958.3999999999999,403.2,597.6,0.671,0,0,NA,403.2,597.6,0.671,0.671,93.60000000000001,144,0.645,187.20000000000002,388.8,576,57.6,43.199999999999996,72,86.39999999999999,158.4,900,NA
145,GG Jackson II,21,MEM,PF,55,28,1177,252.99999999999997,511.50000000000006,0.496,66,192.5,0.332,192.5,319,0.595,0.558,110,148.5,0.742,49.5,187,236.5,82.5,33,44,82.5,77,687.5,NA
146,Malik Monk,27,SAC,SG,62,3,1364,279,632.4,0.438,124,316.2,0.395,155,316.2,0.481,0.536,93,105.39999999999999,0.879,12.4,99.2,117.8,186,37.199999999999996,24.8,93,99.2,775,NA
147,Maxime Raynaud,22,SAC,C,74,56,1961,384.8,673.4,0.571,22.2,74,0.324,362.6,599.4,0.601,0.589,133.20000000000002,170.2,0.786,140.6,414.4,555,103.6,37,37,96.2,170.2,925,NA
148,Jaylen Wells,22,MEM,SG,69,69,1821.6,303.6,696.9,0.431,131.1,365.7,0.353,172.5,331.2,0.517,0.524,131.1,172.5,0.784,62.1,158.7,220.8,110.4,62.1,6.9,75.9,144.9,862.5,NA
149,Max Christie,22,DAL,SG,77,68,2240.7000000000003,323.40000000000003,723.8000000000001,0.441,177.1,446.59999999999997,0.404,138.6,277.2,0.502,0.566,123.2,138.6,0.899,15.4,231,246.4,154,46.199999999999996,30.8,92.39999999999999,100.10000000000001,947.1,NA
150,Noah Clowney,21,BRK,PF,66,60,1782,250.79999999999998,633.6,0.396,132,389.40000000000003,0.329,118.8,237.6,0.506,0.498,178.20000000000002,224.4,0.804,52.800000000000004,217.79999999999998,270.59999999999997,105.60000000000001,52.800000000000004,46.199999999999996,99,165,811.8000000000001,NA
151,De'Anthony Melton,27,GSW,PG,49,24,1127,215.60000000000002,529.2,0.407,73.5,245,0.294,142.1,284.2,0.505,0.475,98,122.5,0.826,39.2,117.6,156.8,127.4,78.4,19.6,93.1,93.1,602.7,NA
152,Jonathan Kuminga,23,2TM,PF,36,14,831.6,158.4,338.40000000000003,0.463,36,104.39999999999999,0.333,122.39999999999999,234,0.521,0.515,90,122.39999999999999,0.724,50.4,154.79999999999998,201.6,82.8,21.599999999999998,10.799999999999999,68.39999999999999,54,439.2,NA
152,Jonathan Kuminga,23,GSW,PF,20,13,476,88,194,0.454,18,54,0.321,72,142,0.504,0.497,50,66,0.742,30,88,118,50,8,6,46,34,242,NA
152,Jonathan Kuminga,23,ATL,PF,16,1,353.6,68.8,145.6,0.476,17.6,52.8,0.346,51.2,92.8,0.548,0.538,40,57.6,0.702,20.8,65.6,84.8,33.6,14.4,4.8,20.8,22.4,196.8,NA
153,Donte DiVincenzo,29,MIN,SG,82,82,2492.7999999999997,336.2,836.4,0.406,246,647.8000000000001,0.379,98.39999999999999,188.6,0.497,0.552,82,106.60000000000001,0.743,65.60000000000001,270.59999999999997,336.2,311.59999999999997,106.60000000000001,32.800000000000004,114.8,196.79999999999998,1000.4,NA
154,Cameron Johnson,29,DEN,SF,54,54,1647,226.8,475.20000000000005,0.48,108,253.8,0.43,118.80000000000001,221.39999999999998,0.539,0.596,91.8,113.4,0.839,43.2,162,205.2,129.6,37.8,21.6,48.6,124.19999999999999,658.8,NA
155,Tre Johnson,19,WAS,SG,60,42,1446,270,648,0.419,114,324,0.358,156,324,0.479,0.508,78,90,0.874,30,144,168,120,36,18,96,120,732,NA
156,Duncan Robinson,31,DET,SG,77,77,2109.7999999999997,315.7,700.6999999999999,0.456,223.29999999999998,539,0.41,100.10000000000001,161.70000000000002,0.605,0.613,84.7,107.8,0.755,30.8,177.1,207.9,161.70000000000002,46.199999999999996,23.099999999999998,53.9,169.4,939.4,NA
157,Donovan Clingan,21,POR,C,77,77,2094.4,354.2,685.3000000000001,0.52,84.7,246.4,0.341,269.5,438.90000000000003,0.621,0.582,138.6,200.20000000000002,0.68,346.5,546.6999999999999,893.1999999999999,161.70000000000002,46.199999999999996,130.9,92.39999999999999,184.79999999999998,931.6999999999999,NA
158,Moses Moody,23,GSW,SG,60,49,1542,245.99999999999997,558,0.44,150,378,0.401,96,180,0.522,0.575,90,114,0.77,54,150,198,96,60,36,60,120,726,NA
159,Christian Braun,24,DEN,SG,44,44,1399.2,202.39999999999998,387.20000000000005,0.519,44,145.2,0.301,158.4,246.39999999999998,0.646,0.575,79.2,101.19999999999999,0.782,61.599999999999994,149.6,211.2,118.80000000000001,30.799999999999997,13.2,44,101.19999999999999,528,NA
160,Josh Hart,30,NYK,SF,66,52,1993.2,303.59999999999997,594,0.508,99,244.20000000000002,0.413,198,349.8,0.574,0.593,92.39999999999999,125.39999999999999,0.72,92.39999999999999,396,488.40000000000003,316.8,72.60000000000001,19.8,125.39999999999999,165,792,NA
161,Miles McBride,25,NYK,SG,41,15,1078.3,172.20000000000002,405.90000000000003,0.423,110.7,270.59999999999997,0.413,57.4,131.20000000000002,0.444,0.562,36.9,45.1,0.787,24.599999999999998,77.89999999999999,98.39999999999999,106.60000000000001,36.9,8.200000000000001,32.800000000000004,69.7,492,NA
162,Tristen Newton,24,HOU,SG,1,0,12,4,9,0.444,2,5,0.4,2,4,0.5,0.556,2,3,0.667,2,1,3,0,1,0,0,0,12,NA
163,Dyson Daniels,22,ATL,SG,76,76,2523.2000000000003,402.8,775.1999999999999,0.517,22.8,114,0.188,380,661.1999999999999,0.576,0.532,76,121.60000000000001,0.615,182.4,334.40000000000003,516.8,448.40000000000003,152,30.400000000000002,136.8,167.20000000000002,904.4,"DPOY-9,DEF2"
164,Blake Hinson,26,UTA,SF,14,3,285.59999999999997,58.800000000000004,114.79999999999998,0.513,36.4,78.39999999999999,0.468,22.400000000000002,36.4,0.611,0.674,12.6,15.400000000000002,0.75,11.200000000000001,22.400000000000002,33.6,15.400000000000002,5.6000000000000005,1.4000000000000001,5.6000000000000005,23.8,166.6,NA
165,Myles Turner,29,MIL,C,71,71,1909.8999999999999,284,646.1,0.44,149.1,383.40000000000003,0.383,134.9,262.7,0.523,0.553,127.8,177.5,0.74,78.10000000000001,305.3,376.3,106.5,49.699999999999996,113.60000000000001,85.2,184.6,844.9,NA
166,Wendell Carter Jr.,26,ORL,C,78,78,2285.4,327.6,639.5999999999999,0.512,70.2,226.2,0.319,257.4,413.4,0.618,0.568,195,249.60000000000002,0.792,163.8,413.4,577.2,156,62.400000000000006,46.8,101.4,265.2,920.4000000000001,NA
167,Dylan Harper,19,SAS,SG,69,4,1559.4,331.2,655.5,0.505,62.1,179.4,0.343,269.09999999999997,476.1,0.565,0.551,89.7,117.3,0.756,55.2,179.4,234.6,269.09999999999997,55.2,20.7,96.6,138,814.2,"ROY-4,6MOY-11"
168,Julian Reese,22,WAS,PF,13,10,401.7,62.4,119.6,0.529,0,0,NA,62.4,119.6,0.529,0.529,28.6,44.199999999999996,0.636,54.6,81.89999999999999,136.5,23.400000000000002,18.2,7.8,32.5,41.6,153.4,NA
169,Nic Claxton,26,BRK,C,69,68,1918.2,331.2,579.6,0.571,0,20.7,0.158,331.2,565.8,0.585,0.574,138,227.7,0.616,165.6,310.5,476.1,255.3,48.3,75.9,96.6,158.7,807.3,NA
170,Isaiah Collier,21,UTA,PG,59,19,1516.3,253.7,513.3,0.495,29.5,100.3,0.27,230.1,413,0.549,0.521,153.4,206.5,0.722,23.6,129.8,147.5,424.8,64.9,17.7,147.5,135.7,690.3,NA
171,Bilal Coulibaly,21,WAS,SG,56,56,1467.2,229.59999999999997,543.1999999999999,0.425,67.2,201.6,0.319,162.4,336,0.49,0.485,134.4,179.20000000000002,0.746,50.4,196,240.79999999999998,145.6,72.8,56,78.39999999999999,128.79999999999998,655.1999999999999,NA
172,Derik Queen,21,NOP,C,81,48,2025,356.40000000000003,745.1999999999999,0.473,24.3,89.10000000000001,0.261,332.09999999999997,656.1,0.502,0.489,218.70000000000002,275.4,0.795,137.7,437.40000000000003,575.1,299.7,81,72.9,186.29999999999998,218.70000000000002,947.6999999999999,NA
173,Klay Thompson,35,DAL,SF,69,8,1497.3,282.9,731.4,0.393,200.1,524.4,0.383,82.8,200.1,0.418,0.532,34.5,48.3,0.766,20.7,124.2,144.9,96.6,34.5,20.7,62.1,69,807.3,NA
174,Mark Williams,24,PHO,C,60,55,1416,282,438,0.644,0,0,1,282,438,0.643,0.645,138,174,0.771,186,294,480,60,54,54,66,132,702,NA
175,Obi Toppin,27,IND,PF,24,3,424.79999999999995,100.80000000000001,199.20000000000002,0.503,36,105.60000000000001,0.352,62.400000000000006,93.6,0.67,0.595,43.2,45.599999999999994,0.913,12,93.6,105.60000000000001,55.199999999999996,12,0,28.799999999999997,28.799999999999997,278.4,NA
176,Jarace Walker,22,IND,PF,76,41,1953.2,304,729.6,0.419,136.8,357.2,0.374,174.79999999999998,380,0.462,0.51,136.8,182.4,0.749,45.6,342,387.59999999999997,190,60.800000000000004,22.8,136.8,121.60000000000001,881.6,NA
177,Rui Hachimura,27,LAL,PF,68,41,1924.4,306,598.4000000000001,0.514,115.6,265.2,0.443,190.39999999999998,333.20000000000005,0.57,0.611,47.599999999999994,74.80000000000001,0.694,40.8,183.60000000000002,224.39999999999998,54.400000000000006,40.8,20.4,40.8,108.80000000000001,782,NA
178,Kyle Filipowski,22,UTA,C,77,41,1801.8,323.40000000000003,654.5,0.492,77,231,0.325,246.4,431.2,0.58,0.548,161.70000000000002,215.6,0.75,146.29999999999998,408.09999999999997,554.4,200.20000000000002,69.3,38.5,123.2,231,877.8000000000001,NA
179,Pelle Larsson,24,MIA,SG,70,54,1848,280,560,0.496,63,189,0.323,217,364,0.586,0.551,182,231,0.797,70,175,245,238,49,14,98,147,798,NA
180,Scotty Pippen Jr.,25,MEM,PG,10,6,212,43,96,0.448,10,32,0.313,33,64,0.516,0.5,18,23,0.783,8,14,22,47,19,4,27,31,114,NA
181,Sandro Mamukelashvili,26,TOR,C,80,13,1752,328,632,0.523,112,296,0.389,216,336,0.642,0.614,120,160,0.747,112,288,392,152,64,40,64,144,896,6MOY-10
182,Max Strus,29,CLE,SF,12,5,288,46.8,105.60000000000001,0.443,33.599999999999994,81.6,0.402,14.399999999999999,24,0.583,0.599,7.199999999999999,9.600000000000001,0.778,9.600000000000001,56.400000000000006,64.80000000000001,24,3.5999999999999996,0,9.600000000000001,33.599999999999994,134.39999999999998,NA
183,Julian Champagnie,24,SAS,SF,82,68,2263.2000000000003,303.40000000000003,688.8000000000001,0.437,196.79999999999998,508.40000000000003,0.381,106.60000000000001,180.4,0.599,0.578,114.8,131.20000000000002,0.844,73.8,401.8,475.59999999999997,123,65.60000000000001,41,65.60000000000001,131.20000000000002,910.1999999999999,NA
184,Isaiah Joe,26,OKC,SG,71,9,1505.2,248.5,539.6,0.455,177.5,426,0.423,63.9,113.60000000000001,0.574,0.622,106.5,120.7,0.894,35.5,149.1,177.5,92.3,49.699999999999996,14.200000000000001,42.6,120.7,788.1,NA
185,Cam Spencer,25,MEM,SG,72,20,1713.6000000000001,266.40000000000003,554.4,0.473,144,324,0.449,115.2,230.4,0.506,0.604,129.6,136.79999999999998,0.94,43.199999999999996,144,180,403.2,50.4,14.4,93.60000000000001,100.8,799.1999999999999,NA
186,Kel'el Ware,21,MIA,C,77,34,1701.7,346.5,646.8000000000001,0.53,92.39999999999999,231,0.395,254.1,415.8,0.606,0.601,69.3,92.39999999999999,0.74,215.6,477.40000000000003,693,53.9,61.6,84.7,61.6,115.5,854.6999999999999,NA
187,Alondes Williams,26,WAS,SG,4,0,101.2,16,26,0.615,5.2,14,0.357,11.2,12,0.917,0.712,7.2,8,0.875,5.2,20,25.2,12,3.2,3.2,5.2,4,44,NA
188,Rudy Gobert,33,MIN,C,76,76,2378.8,334.40000000000003,494,0.682,0,7.6000000000000005,0,334.40000000000003,486.40000000000003,0.689,0.682,159.6,304,0.526,296.4,570,874,129.2,60.800000000000004,121.60000000000001,106.39999999999999,197.6,828.4,"DPOY-4,DEF1"
189,Jusuf Nurkić,31,UTA,C,41,36,1082.3999999999999,180.4,356.7,0.503,24.599999999999998,69.7,0.352,155.79999999999998,287,0.54,0.538,61.5,114.8,0.549,106.60000000000001,319.8,426.40000000000003,196.79999999999998,53.300000000000004,20.5,102.5,135.29999999999998,446.90000000000003,NA
190,Dennis Schröder,32,2TM,PG,70,17,1694,252,630,0.405,77,231,0.329,182,399,0.449,0.465,168,203,0.834,35,154,189,343,56,14,126,112,756,NA
190,Dennis Schröder,32,SAC,PG,40,14,1056,172,424,0.408,56,168,0.343,116,256,0.449,0.475,108,132,0.82,24,100,124,212,32,8,80,68,512,NA
190,Dennis Schröder,32,CLE,PG,30,3,642,84,207,0.401,18,63,0.29,66,144,0.448,0.444,63,72,0.861,12,57,69,129,24,6,45,42,245.99999999999997,NA
191,Tyler Burton,25,MEM,SF,12,0,307.20000000000005,42,111.60000000000001,0.375,21.6,66,0.333,20.4,45.599999999999994,0.435,0.473,22.799999999999997,27.599999999999998,0.852,8.399999999999999,42,50.400000000000006,12,10.8,3.5999999999999996,10.8,31.200000000000003,129.60000000000002,NA
192,Daeqwon Plowden,27,SAC,SG,32,7,844.8,121.6,278.4,0.43,60.8,185.6,0.333,57.6,92.8,0.624,0.541,41.6,48,0.857,32,64,96,41.6,22.4,6.4,25.6,76.8,345.6,NA
193,Bub Carrington,20,WAS,PG,82,48,2271.4,311.59999999999997,738,0.424,172.20000000000002,410,0.408,147.6,328,0.443,0.538,82,114.8,0.73,32.800000000000004,246,278.8,377.2,49.199999999999996,16.400000000000002,188.6,180.4,877.4,NA
194,Jakob Poeltl,30,TOR,C,46,44,1150,216.20000000000002,308.2,0.7,0,0,NA,216.20000000000002,308.2,0.7,0.7,59.800000000000004,96.60000000000001,0.602,115,207,322,92,41.4,32.199999999999996,55.199999999999996,147.20000000000002,492.2,NA
195,Jock Landale,30,2TM,C,68,27,1502.8000000000002,278.79999999999995,550.8,0.515,74.80000000000001,190.39999999999998,0.383,210.8,353.6,0.586,0.582,81.6,129.2,0.635,183.60000000000002,204,387.6,115.6,34,34,61.2,149.60000000000002,720.8,NA
195,Jock Landale,30,MEM,C,45,25,1062,198.00000000000003,387,0.514,49.50000000000001,130.5,0.38,153,261,0.581,0.577,58.5,90,0.674,139.5,153,292.5,76.5,27,22.5,45,103.49999999999999,508.50000000000006,NA
195,Jock Landale,30,ATL,C,23,2,446.2,82.8,158.70000000000002,0.516,25.3,64.39999999999999,0.391,57.5,94.3,0.6,0.594,20.7,36.800000000000004,0.541,41.4,52.9,94.3,39.1,9.200000000000001,13.799999999999999,13.799999999999999,48.300000000000004,209.29999999999998,NA
196,Marvin Bagley III,26,2TM,PF,60,12,1200,252,414,0.618,24,54,0.462,228,360,0.641,0.647,96,144,0.66,150,216,366,84,30,42,60,126,630,NA
196,Marvin Bagley III,26,WAS,PF,38,8,729.6,155.79999999999998,247,0.626,7.6000000000000005,19,0.421,144.4,228,0.643,0.642,68.4,98.8,0.711,98.8,117.8,216.6,57,19,26.599999999999998,45.6,79.8,383.8,NA
196,Marvin Bagley III,26,DAL,PF,22,4,470.79999999999995,99,165,0.606,15.399999999999999,33,0.485,83.6,132,0.636,0.655,26.4,46.2,0.553,52.8,96.80000000000001,149.6,28.6,8.8,15.399999999999999,17.6,44,242,NA
197,Tari Eason,24,HOU,PF,60,34,1548,240,582,0.416,96,258,0.358,150,318,0.463,0.496,54,66,0.776,126,252,378,90,72,30,84,138,630,NA
198,Adama-Alpha Bal,22,MEM,SG,8,1,240.8,28,68,0.412,18.4,44,0.409,10.4,24,0.417,0.544,8.8,10.4,0.9,6.4,19.2,24.8,19.2,8.8,0.8,6.4,27.2,83.2,NA
199,A.J. Green,26,MIL,SG,78,68,2269.8,265.2,616.2,0.424,234,553.8,0.419,31.200000000000003,62.400000000000006,0.469,0.612,54.599999999999994,62.400000000000006,0.855,31.200000000000003,187.2,210.60000000000002,148.2,39,7.800000000000001,78,179.39999999999998,811.2,NA
200,Caleb Love,24,POR,SG,49,1,1014.3,191.1,490,0.388,93.1,294,0.318,98,196,0.49,0.483,34.3,49,0.735,24.5,88.2,112.69999999999999,122.5,29.4,4.9,63.7,49,509.6,NA
201,Lucas Williamson,27,MEM,SG,7,2,224,25.2,74.89999999999999,0.333,14.700000000000001,53.199999999999996,0.283,9.799999999999999,21.7,0.455,0.433,7.700000000000001,7.700000000000001,1,11.200000000000001,27.3,37.800000000000004,18.2,11.200000000000001,0.7000000000000001,9.799999999999999,25.900000000000002,72.8,NA
202,Egor Dёmin,19,BRK,PG,52,45,1310.3999999999999,176.79999999999998,447.2,0.399,124.8,322.40000000000003,0.385,57.2,124.8,0.433,0.537,52,67.60000000000001,0.831,20.8,145.6,166.4,171.6,41.6,15.6,88.39999999999999,93.60000000000001,535.6,NA
203,DaQuan Jeffries,28,SAC,SG,3,0,60,11.100000000000001,18.9,0.579,3.9000000000000004,9,0.444,6.8999999999999995,9.899999999999999,0.7,0.684,5.1,5.1,1,3,2.0999999999999996,5.1,0.8999999999999999,2.0999999999999996,0,0,9,30.900000000000002,NA
204,Will Riley,19,WAS,SF,74,18,1635.4,273.8,621.6,0.439,81.4,244.2,0.316,192.4,370,0.52,0.502,140.6,177.6,0.8,59.2,155.4,214.6,148,51.8,7.4,96.2,88.8,762.2,NA
205,Khris Middleton,34,2TM,SF,63,50,1436.4,226.8,541.8,0.42,69.30000000000001,189,0.36,157.5,352.79999999999995,0.452,0.482,119.69999999999999,138.60000000000002,0.875,50.400000000000006,182.7,233.10000000000002,176.39999999999998,44.099999999999994,6.300000000000001,107.1,144.89999999999998,642.5999999999999,NA
205,Khris Middleton,34,WAS,SF,34,34,826.2,129.2,299.20000000000005,0.433,34,98.6,0.333,98.6,200.60000000000002,0.483,0.488,57.8,68,0.841,30.6,105.4,132.6,112.19999999999999,27.200000000000003,10.2,57.8,85,350.20000000000005,NA
205,Khris Middleton,34,DAL,SF,29,16,611.9000000000001,95.69999999999999,240.70000000000002,0.404,34.8,87,0.391,63.800000000000004,153.7,0.412,0.475,60.900000000000006,66.69999999999999,0.91,20.299999999999997,75.4,95.69999999999999,63.800000000000004,14.5,0,52.2,58,290,NA
206,Neemias Queta,26,BOS,C,76,75,1922.8,326.8,501.59999999999997,0.653,0,7.6000000000000005,0.125,326.8,494,0.662,0.654,121.60000000000001,174.79999999999998,0.703,228,402.8,638.4,129.2,60.800000000000004,98.8,76,212.79999999999998,775.1999999999999,NA
207,D'Angelo Russell,29,DAL,PG,26,3,494,93.60000000000001,231.4,0.405,33.800000000000004,111.8,0.295,59.8,119.6,0.508,0.476,44.199999999999996,59.8,0.717,7.8,52,59.8,104,13,2.6,49.4,31.2,265.2,NA
208,Jalen Smith,25,CHI,C,53,21,1097.1,196.10000000000002,402.79999999999995,0.483,79.5,222.60000000000002,0.373,111.30000000000001,185.5,0.614,0.584,68.9,95.4,0.742,95.4,254.39999999999998,355.1,63.599999999999994,26.5,42.400000000000006,53,111.30000000000001,540.5999999999999,NA
209,Ziaire Williams,24,BRK,SF,56,13,1282.3999999999999,184.79999999999998,431.2,0.425,84,252,0.343,100.8,184.79999999999998,0.538,0.524,117.60000000000001,140,0.85,28,106.39999999999999,134.4,61.60000000000001,78.39999999999999,22.400000000000002,61.60000000000001,117.60000000000001,571.1999999999999,NA
210,Precious Achiuwa,26,SAC,C,73,57,1744.6999999999998,313.9,598.5999999999999,0.528,29.200000000000003,94.9,0.278,292,503.70000000000005,0.577,0.551,80.30000000000001,138.7,0.554,175.2,313.9,489.1,102.19999999999999,65.7,51.099999999999994,65.7,124.1,737.3,NA
211,Derrick Jones Jr.,28,LAC,SF,50,45,1350,190,380,0.499,55.00000000000001,155,0.359,135,225,0.593,0.571,70,95,0.763,60,110.00000000000001,175,70,45,50,40,105,505,NA
212,Kevin Huerter,27,2TM,SF,69,14,1545.6,269.09999999999997,593.4,0.451,96.6,324.3,0.308,165.6,269.09999999999997,0.624,0.535,55.2,69,0.775,34.5,207,241.5,179.4,62.1,34.5,69,117.3,690,NA
212,Kevin Huerter,27,CHI,SF,44,11,1038.4,184.8,404.79999999999995,0.455,70.4,224.39999999999998,0.314,114.4,180.39999999999998,0.63,0.542,39.6,57.2,0.732,22,145.2,167.2,114.4,35.2,26.4,48.400000000000006,83.6,479.6,NA
212,Kevin Huerter,27,DET,SG,25,3,512.5,85,192.5,0.443,30,102.49999999999999,0.294,55.00000000000001,90,0.611,0.521,15,15,0.933,10,60,70,62.5,27.500000000000004,7.5,22.5,30,215,NA
213,Jordan Miller,26,LAC,SF,60,1,1326,210,402,0.531,36,108,0.345,174,288,0.602,0.579,138,174,0.777,48,132,180,138,48,12,66,60,600,NA
214,Toby Okani,24,MEM,SG,6,4,217.20000000000002,25.200000000000003,70.19999999999999,0.357,9,31.200000000000003,0.29,16.200000000000003,39,0.41,0.421,1.2000000000000002,7.800000000000001,0.125,9,12,21,6,4.199999999999999,3,3,19.799999999999997,60,NA
215,Olivier-Maxence Prosper,23,MEM,PF,53,24,985.8000000000001,190.8,349.79999999999995,0.549,58.300000000000004,148.39999999999998,0.405,132.5,201.39999999999998,0.653,0.634,84.80000000000001,116.60000000000001,0.754,58.300000000000004,127.19999999999999,185.5,53,42.400000000000006,10.600000000000001,47.7,84.80000000000001,530,NA
216,Isaiah Stewart,24,DET,C,58,13,1316.6,220.39999999999998,400.20000000000005,0.55,40.599999999999994,121.80000000000001,0.333,179.8,284.20000000000005,0.642,0.6,98.6,133.39999999999998,0.756,98.6,191.39999999999998,290,63.800000000000004,17.4,92.80000000000001,69.6,168.2,580,6MOY-7
217,Harrison Barnes,33,SAS,PF,77,52,1986.6000000000001,261.8,577.5,0.456,138.6,354.2,0.388,123.2,215.6,0.567,0.577,100.10000000000001,123.2,0.829,61.6,154,215.6,146.29999999999998,46.199999999999996,15.4,61.6,84.7,762.3000000000001,NA
218,Tristan Da Silva,24,ORL,SF,77,34,1901.8999999999999,277.2,623.6999999999999,0.45,123.2,323.40000000000003,0.374,161.70000000000002,300.3,0.532,0.547,84.7,92.39999999999999,0.884,61.6,223.29999999999998,284.90000000000003,123.2,69.3,23.099999999999998,69.3,115.5,762.3000000000001,NA
219,Ausar Thompson,23,DET,SF,73,72,1898,306.6,576.7,0.525,7.300000000000001,21.9,0.25,299.29999999999995,554.8,0.537,0.53,109.5,189.8,0.571,153.3,270.1,416.1,226.3,146,65.7,109.5,197.10000000000002,722.7,"DPOY-3,DEF1"
220,Royce O'Neale,32,PHO,SF,78,67,2215.2,265.2,624,0.421,210.60000000000002,522.6,0.408,54.599999999999994,101.4,0.486,0.59,23.4,39,0.711,62.400000000000006,312,374.4,210.60000000000002,85.80000000000001,31.200000000000003,101.4,179.39999999999998,764.4000000000001,NA
221,Zach Collins,28,CHI,C,10,0,184,37,64,0.578,9,21,0.429,28,43,0.651,0.648,14,20,0.7,16,40,56,15,2,4,10,18,97,NA
222,Micah Potter,27,IND,C,47,7,907.1,150.4,291.40000000000003,0.515,70.5,169.20000000000002,0.423,79.89999999999999,126.9,0.64,0.637,84.60000000000001,98.7,0.842,56.4,173.9,235,70.5,23.5,14.1,47,79.89999999999999,455.9,NA
223,Javon Small,23,MEM,PG,41,12,828.1999999999999,135.29999999999998,287,0.465,61.5,143.5,0.423,73.8,147.6,0.507,0.569,69.7,82,0.829,36.9,90.2,127.10000000000001,151.70000000000002,32.800000000000004,8.200000000000001,57.4,65.60000000000001,397.7,NA
224,Zaccharie Risacher,20,ATL,SF,67,46,1500.8,241.20000000000002,536,0.455,93.8,261.3,0.368,147.4,274.7,0.536,0.544,60.300000000000004,87.10000000000001,0.644,73.7,187.6,254.6,73.7,60.300000000000004,33.5,60.300000000000004,147.4,643.1999999999999,NA
225,Daniel Gafford,27,DAL,C,55,44,1193.5,209,313.5,0.655,0,0,NA,209,313.5,0.655,0.655,110,159.5,0.683,137.5,242.00000000000003,379.5,60.50000000000001,44,71.5,60.50000000000001,143,522.5,NA
226,Jay Huff,27,IND,C,82,47,1722,287,615,0.476,123,369,0.319,172.20000000000002,237.79999999999998,0.723,0.574,82,98.39999999999999,0.828,73.8,254.20000000000002,328,123,41,155.79999999999998,73.8,196.79999999999998,779,NA
227,T.J. McConnell,33,IND,PG,56,4,963.1999999999999,240.79999999999998,448,0.538,16.8,50.4,0.32,224,397.59999999999997,0.565,0.556,22.400000000000002,28,0.862,22.400000000000002,100.8,123.20000000000002,285.59999999999997,56,11.200000000000001,61.60000000000001,61.60000000000001,526.4,NA
228,Svi Mykhailiuk,28,UTA,SF,50,41,1155,175,360,0.478,100,240,0.408,75,120,0.615,0.613,25,30,0.893,35,90,125,95,25,5,40,65,470,NA
229,Aaron Wiggins,27,OKC,SG,65,21,1417,234,533,0.431,97.5,273,0.356,136.5,266.5,0.508,0.521,52,71.5,0.736,39,156,201.5,110.5,58.5,26,78,84.5,611,NA
230,Daniss Jenkins,24,DET,PG,72,19,1454.3999999999999,230.4,568.8000000000001,0.408,72,194.4,0.374,158.4,374.40000000000003,0.426,0.473,136.79999999999998,158.4,0.832,50.4,115.2,165.6,280.8,64.8,14.4,115.2,108,669.6,NA
231,Davion Mitchell,27,MIA,PG,70,70,2002,259,532,0.49,91,231,0.395,168,308,0.561,0.574,42,63,0.646,35,154,189,455,70,14,105,182,651,NA
232,Isaac Okoro,25,CHI,SG,63,62,1694.6999999999998,207.89999999999998,459.9,0.46,75.6,220.5,0.33,138.60000000000002,239.39999999999998,0.58,0.539,88.19999999999999,113.4,0.795,69.30000000000001,107.1,170.10000000000002,100.80000000000001,44.099999999999994,31.5,44.099999999999994,163.8,585.9000000000001,NA
233,Landry Shamet,28,NYK,SG,51,12,1173,158.1,362.09999999999997,0.437,102,265.2,0.392,56.1,102,0.554,0.578,56.1,76.5,0.711,25.5,71.39999999999999,91.8,71.39999999999999,30.599999999999998,10.200000000000001,30.599999999999998,76.5,474.3,NA
234,Marcus Smart,31,LAL,SG,62,54,1767,186,477.40000000000003,0.395,99.2,291.40000000000003,0.331,93,186,0.497,0.497,105.39999999999999,130.20000000000002,0.822,37.199999999999996,136.4,173.6,186,86.8,24.8,93,161.20000000000002,576.6,NA
235,Jaden Hardy,23,2TM,SG,57,4,900.6,182.4,427.5,0.424,102.60000000000001,262.2,0.397,79.8,165.29999999999998,0.467,0.545,57,74.10000000000001,0.733,17.099999999999998,68.39999999999999,85.5,57,17.099999999999998,5.7,62.7,91.2,524.4,NA
235,Jaden Hardy,23,DAL,SG,34,4,428.4,78.19999999999999,193.8,0.402,47.599999999999994,122.4,0.371,30.6,71.4,0.457,0.521,30.6,40.8,0.775,10.2,37.400000000000006,47.599999999999994,30.6,10.2,3.4000000000000004,27.200000000000003,37.400000000000006,234.60000000000002,NA
235,Jaden Hardy,23,WAS,SG,23,0,469.2,103.5,234.6,0.443,57.5,138,0.42,46,96.60000000000001,0.474,0.566,23,34.5,0.686,4.6000000000000005,34.5,39.1,29.900000000000002,6.8999999999999995,4.6000000000000005,34.5,50.6,289.8,NA
236,Isaiah Hartenstein,27,OKC,C,47,46,1137.3999999999999,183.29999999999998,296.09999999999997,0.622,0,4.7,0,183.29999999999998,286.7,0.637,0.622,65.8,103.4,0.61,150.4,296.09999999999997,441.8,164.5,47,37.6,79.89999999999999,117.5,432.4,NA
237,Sam Hauser,28,BOS,PF,78,49,1934.4,249.60000000000002,600.6,0.419,195,507,0.393,54.599999999999994,93.6,0.557,0.584,15.600000000000001,23.4,0.85,54.599999999999994,241.8,296.4,117,39,23.4,31.200000000000003,109.19999999999999,717.5999999999999,NA
238,Corey Kispert,26,2TM,SF,58,10,1078.8000000000002,185.60000000000002,394.4,0.467,87,237.79999999999998,0.367,98.6,156.60000000000002,0.618,0.577,75.4,98.6,0.794,29,104.4,133.39999999999998,92.80000000000001,17.4,11.600000000000001,46.400000000000006,58,533.5999999999999,NA
238,Corey Kispert,26,WAS,SF,19,2,370.5,58.9,119.7,0.496,30.400000000000002,76,0.395,28.5,43.699999999999996,0.674,0.622,26.599999999999998,34.2,0.765,5.7,38,43.699999999999996,32.3,7.6000000000000005,3.8000000000000003,13.299999999999999,20.900000000000002,174.79999999999998,NA
238,Corey Kispert,26,ATL,SF,39,8,709.8,124.80000000000001,276.9,0.455,58.5,159.89999999999998,0.354,66.3,113.1,0.596,0.558,50.7,62.400000000000006,0.81,19.5,66.3,89.69999999999999,58.5,7.800000000000001,7.800000000000001,31.200000000000003,39,358.79999999999995,NA
239,Taurean Prince,31,MIL,SF,26,7,611,85.8,189.79999999999998,0.45,59.8,140.4,0.436,26,52,0.49,0.61,5.2,5.2,1,5.2,78,80.60000000000001,46.800000000000004,15.6,5.2,31.2,46.800000000000004,239.2,NA
240,Gui Santos,23,GSW,PF,68,30,1394,231.2,462.4,0.5,74.80000000000001,224.39999999999998,0.351,149.60000000000002,238,0.639,0.585,88.4,122.4,0.725,74.80000000000001,190.39999999999998,265.2,156.39999999999998,61.2,20.4,102,142.8,625.5999999999999,NA
241,Cam Whitmore,21,WAS,SF,21,0,354.9,77.7,168,0.456,16.8,56.7,0.286,60.9,113.4,0.54,0.503,23.1,31.5,0.742,18.900000000000002,39.9,58.8,14.7,14.7,8.4,18.900000000000002,25.2,193.2,NA
242,Quenton Jackson,27,IND,PG,49,19,896.7,151.9,328.3,0.47,44.1,117.6,0.356,112.69999999999999,210.7,0.533,0.534,98,117.6,0.824,29.4,88.2,112.69999999999999,142.1,29.4,4.9,63.7,83.3,445.9,NA
243,Tristan Vukcevic,22,WAS,C,49,12,671.3,151.9,318.5,0.479,49,142.1,0.347,102.9,171.5,0.59,0.558,88.2,112.69999999999999,0.784,34.3,112.69999999999999,147,53.900000000000006,24.5,34.3,63.7,83.3,441,NA
244,Devin Carter,23,SAC,PG,38,12,699.1999999999999,121.60000000000001,292.6,0.414,30.400000000000002,114,0.263,91.2,178.6,0.511,0.466,68.4,95,0.713,34.2,87.39999999999999,125.39999999999999,102.60000000000001,34.2,7.6000000000000005,53.199999999999996,49.4,338.2,NA
245,Herbert Jones,27,NOP,SF,56,56,1590.3999999999999,184.79999999999998,476,0.383,78.39999999999999,257.59999999999997,0.309,100.8,218.4,0.47,0.467,50.4,61.60000000000001,0.806,44.800000000000004,145.6,190.4,156.79999999999998,89.60000000000001,28,72.8,179.20000000000002,498.40000000000003,NA
246,Nolan Traoré,19,BRK,PG,56,31,1243.2,184.79999999999998,481.59999999999997,0.38,61.60000000000001,190.4,0.318,123.20000000000002,285.59999999999997,0.422,0.444,72.8,95.2,0.787,16.8,84,100.8,212.79999999999998,44.800000000000004,22.400000000000002,128.79999999999998,117.60000000000001,498.40000000000003,NA
247,Danny Wolf,21,BRK,PF,57,15,1185.6000000000001,176.70000000000002,438.90000000000003,0.405,68.39999999999999,210.9,0.322,108.3,228,0.48,0.482,85.5,108.3,0.771,57,222.29999999999998,279.3,125.4,28.5,34.199999999999996,74.10000000000001,125.4,507.3,NA
248,John Poulakidas,22,DAL,SG,13,0,253.5,39,91,0.429,31.2,76.7,0.403,7.8,14.3,0.571,0.599,6.5,6.5,0.857,3.9,26,29.9,10.4,6.5,3.9,3.9,28.6,114.4,NA
249,Payton Sandfort,23,OKC,SF,4,0,63.2,13.2,26,0.5,7.2,17.2,0.412,6,9.2,0.667,0.635,2,4,0.5,1.2,9.2,10,0,1.2,0,1.2,8,35.2,NA
250,Cody Williams,21,UTA,SG,67,41,1628.1000000000001,241.20000000000002,509.2,0.468,26.8,134,0.214,207.70000000000002,375.2,0.556,0.495,87.10000000000001,120.60000000000001,0.706,60.300000000000004,134,201,134,53.6,26.8,73.7,120.60000000000001,589.6,NA
251,Justin Champagnie,24,WAS,SF,69,19,1380,234.6,462.3,0.502,55.2,165.6,0.319,179.4,296.7,0.605,0.56,82.8,103.5,0.784,144.9,241.5,386.4,82.8,62.1,41.4,48.3,117.3,600.3,NA
252,Jordan Goodwin,27,PHO,PG,70,10,1575,231,553,0.413,112,301,0.371,119,252,0.462,0.514,42,56,0.696,140,203,343,154,105,14,70,133,609,NA
253,Day'Ron Sharpe,24,BRK,C,62,7,1159.3999999999999,217,353.40000000000003,0.601,6.2,37.199999999999996,0.231,204.6,316.2,0.647,0.614,105.39999999999999,155,0.678,173.6,241.79999999999998,415.40000000000003,142.6,68.2,24.8,105.39999999999999,148.79999999999998,539.4,NA
254,Jonas Valančiūnas,33,DEN,C,65,6,871,227.5,390,0.582,6.5,26,0.308,221,364,0.602,0.592,104,136.5,0.772,104,221,331.5,78,13,39,71.5,130,565.5,NA
255,Jordan Clarkson,33,NYK,SG,72,1,1281.6000000000001,237.6,525.6,0.451,72,216,0.327,165.6,309.59999999999997,0.535,0.517,79.2,93.60000000000001,0.83,64.8,64.8,129.6,93.60000000000001,28.8,7.2,64.8,122.39999999999999,619.1999999999999,NA
256,Nique Clifford,23,SAC,SG,75,28,1882.5,247.5,592.5,0.418,75,232.5,0.333,172.5,367.5,0.471,0.482,67.5,97.5,0.722,67.5,217.5,285,180,67.5,22.5,112.5,157.5,645,NA
257,Cason Wallace,22,OKC,SG,77,58,2048.2000000000003,254.1,585.1999999999999,0.432,100.10000000000001,284.90000000000003,0.351,154,292.59999999999997,0.51,0.518,53.9,69.3,0.809,61.6,177.1,238.70000000000002,200.20000000000002,146.29999999999998,30.8,69.3,154,662.1999999999999,"DPOY-7,DEF2"
258,Jaden Ivey,23,2TM,SG,37,5,669.7,114.7,255.3,0.445,51.8,133.20000000000002,0.373,62.9,122.1,0.525,0.543,37,48.1,0.809,22.2,66.60000000000001,92.5,66.60000000000001,22.2,14.8,40.7,51.8,314.5,NA
258,Jaden Ivey,23,DET,SG,33,2,554.4,99,221.1,0.45,42.9,112.2,0.372,56.1,105.60000000000001,0.533,0.545,29.7,39.6,0.789,19.8,52.800000000000004,72.60000000000001,52.800000000000004,16.5,13.200000000000001,36.300000000000004,42.9,270.59999999999997,NA
258,Jaden Ivey,23,CHI,SG,4,3,115.2,15.2,36,0.417,8,21.2,0.381,7.2,15.2,0.467,0.528,8,9.2,0.889,5.2,14,19.2,16,8,2,6,9.2,46,NA
259,Vít Krejčí,25,2TM,PG,65,8,1391,195,429,0.448,130,325,0.39,65,104,0.634,0.597,39,52,0.745,32.5,117,149.5,97.5,45.5,19.5,39,136.5,552.5,NA
259,Vít Krejčí,25,ATL,PG,46,8,1025.8,142.6,308.2,0.464,101.2,239.20000000000002,0.423,41.4,69,0.609,0.628,27.599999999999998,36.800000000000004,0.75,18.400000000000002,78.2,96.60000000000001,69,36.800000000000004,13.799999999999999,32.199999999999996,105.8,414,NA
259,Vít Krejčí,25,POR,PG,19,0,364.8,49.4,121.60000000000001,0.405,26.599999999999998,89.3,0.303,22.8,32.3,0.688,0.517,11.4,15.200000000000001,0.733,11.4,39.9,51.300000000000004,32.3,9.5,5.7,11.4,30.400000000000002,136.8,NA
260,Simone Fontecchio,30,MIA,SF,70,9,1176,196,469,0.412,126,329,0.375,70,140,0.497,0.542,84,105,0.843,56,154,210,98,35,7,49,105,595,NA
261,Bones Hyland,25,MIN,PG,71,3,1178.6000000000001,213,468.59999999999997,0.453,113.60000000000001,298.2,0.388,99.39999999999999,170.4,0.568,0.577,63.9,85.2,0.78,21.3,106.5,127.8,184.6,42.6,14.200000000000001,71,120.7,603.5,NA
262,Brook Lopez,37,LAC,C,75,40,1635,232.5,540,0.428,112.5,315,0.36,120,225,0.524,0.533,52.5,75,0.757,45,225,270,97.5,45,90,60,157.5,637.5,NA
263,Collin Murray-Boyles,20,TOR,PF,57,22,1248.3,199.5,342,0.579,17.099999999999998,51.300000000000004,0.34,182.4,290.7,0.62,0.604,68.39999999999999,108.3,0.657,131.1,153.9,285,108.3,51.300000000000004,51.300000000000004,57,148.20000000000002,484.5,NA
264,Luke Kennard,29,2TM,SG,78,6,1684.8000000000002,234,444.6,0.533,117,241.8,0.478,117,195,0.601,0.665,62.400000000000006,70.2,0.913,31.200000000000003,148.2,179.39999999999998,171.60000000000002,54.599999999999994,7.800000000000001,62.400000000000006,101.4,655.2,NA
264,Luke Kennard,29,ATL,SG,46,0,943,128.79999999999998,239.20000000000002,0.538,73.60000000000001,147.20000000000002,0.497,55.199999999999996,92,0.604,0.692,32.199999999999996,36.800000000000004,0.914,18.400000000000002,78.2,101.2,96.60000000000001,32.199999999999996,4.6000000000000005,32.199999999999996,55.199999999999996,363.40000000000003,NA
264,Luke Kennard,29,LAL,SG,32,6,736,105.6,201.6,0.527,41.6,96,0.448,64,105.6,0.598,0.633,32,35.2,0.912,12.8,70.4,83.2,76.8,22.4,3.2,28.8,48,288,NA
265,Kentavious Caldwell-Pope,32,MEM,SG,51,14,1086.3,147.9,367.2,0.41,56.1,173.4,0.316,96.89999999999999,193.79999999999998,0.495,0.485,71.39999999999999,81.60000000000001,0.913,20.400000000000002,107.10000000000001,127.5,137.70000000000002,40.800000000000004,10.200000000000001,61.199999999999996,56.1,428.40000000000003,NA
266,Draymond Green,35,GSW,PF,68,68,1870,204,489.6,0.418,102,312.79999999999995,0.326,102,183.60000000000002,0.575,0.52,61.2,81.6,0.702,54.400000000000006,319.6,374,374,61.2,40.8,183.60000000000002,197.2,571.2,DPOY-11
267,Jared McCain,21,2TM,SG,67,3,1159.1000000000001,201,482.40000000000003,0.425,100.5,254.6,0.385,107.2,221.1,0.471,0.528,53.6,60.300000000000004,0.864,20.099999999999998,113.89999999999999,134,87.10000000000001,33.5,6.7,53.6,80.39999999999999,556.1,NA
267,Jared McCain,21,PHI,SG,37,1,621.6,88.8,229.4,0.385,44.4,118.4,0.378,44.4,111,0.393,0.483,22.2,25.9,0.88,7.4,70.3,74,62.9,22.2,3.7,29.6,44.4,244.2,NA
267,Jared McCain,21,OKC,SG,30,2,540,114,249.00000000000003,0.462,54,138,0.391,60,111,0.55,0.57,30,33,0.853,18,45,63,27,12,3,27,39,312,NA
268,Luguentz Dort,26,OKC,SF,69,69,1849.2,200.1,524.4,0.385,131.1,372.6,0.344,75.9,151.8,0.487,0.508,41.4,55.2,0.759,55.2,186.3,248.4,82.8,62.1,27.6,55.2,179.4,572.7,NA
269,Al Horford,39,GSW,C,45,13,967.5,139.5,324,0.426,72,206.99999999999997,0.361,62.99999999999999,117,0.538,0.54,22.5,27,0.846,45,175.5,220.50000000000003,117,31.499999999999996,49.50000000000001,40.5,49.50000000000001,373.50000000000006,NA
270,Josh Oduro,25,NOP,PF,3,1,81.9,11.100000000000001,17.1,0.647,0,2.0999999999999996,0,11.100000000000001,15,0.733,0.647,3,6,0.5,11.100000000000001,12,23.1,3.9000000000000004,0,0,2.0999999999999996,14.100000000000001,24.900000000000002,NA
271,Kadary Richmond,24,WAS,SG,3,0,66.9,9.899999999999999,15.899999999999999,0.625,2.0999999999999996,3.9000000000000004,0.5,8.100000000000001,12,0.667,0.688,3,3,1,0.8999999999999999,9,9.899999999999999,8.100000000000001,8.100000000000001,0.8999999999999999,2.0999999999999996,2.0999999999999996,24.900000000000002,NA
272,Malachi Smith,26,BRK,SG,15,4,358.5,48,99,0.485,19.5,46.5,0.435,28.5,52.5,0.528,0.586,7.5,7.5,1,12,39,51,49.5,12,4.5,13.5,13.5,124.50000000000001,NA
273,Bradley Beal,32,LAC,SG,6,6,121.19999999999999,18,48,0.375,7.199999999999999,19.200000000000003,0.368,10.8,28.799999999999997,0.379,0.448,6,7.800000000000001,0.75,1.7999999999999998,3,4.800000000000001,10.2,3,0,9,13.799999999999999,49.199999999999996,NA
274,LJ Cryer,24,GSW,PG,18,1,291.59999999999997,46.800000000000004,117,0.402,37.800000000000004,93.60000000000001,0.394,10.799999999999999,23.400000000000002,0.435,0.56,16.2,19.8,0.895,3.6,23.400000000000002,28.8,18,3.6,0,14.4,28.8,147.6,NA
275,Ron Holland,20,DET,SF,78,5,1552.1999999999998,234,546,0.432,46.8,195,0.253,187.2,343.20000000000005,0.535,0.478,117,148.2,0.805,85.80000000000001,234,312,93.6,93.6,23.4,93.6,179.39999999999998,639.5999999999999,NA
276,Chaney Johnson,23,BRK,SF,17,1,348.5,51,93.5,0.543,8.5,30.6,0.3,42.5,64.6,0.656,0.59,27.200000000000003,35.7,0.8,32.3,45.900000000000006,78.19999999999999,35.7,15.3,8.5,20.4,51,139.39999999999998,NA
277,Jake LaRavia,24,LAL,PF,82,43,2058.2000000000003,237.79999999999998,524.8000000000001,0.459,82,246,0.321,164,278.8,0.579,0.533,114.8,155.79999999999998,0.763,114.8,213.20000000000002,328,147.6,106.60000000000001,41,90.2,196.79999999999998,672.4,NA
278,Sharife Cooper,24,WAS,PG,41,1,701.1,127.10000000000001,246,0.514,28.7,77.89999999999999,0.382,98.39999999999999,172.20000000000002,0.573,0.573,49.199999999999996,61.5,0.833,16.400000000000002,69.7,86.10000000000001,123,16.400000000000002,4.1000000000000005,61.5,61.5,332.09999999999997,NA
279,Luka Garza,27,BOS,C,69,6,1117.8,207,358.8,0.577,55.2,124.2,0.433,151.8,227.7,0.657,0.654,89.7,117.3,0.769,158.7,124.2,282.9,69,27.6,27.6,48.3,158.7,558.9,NA
280,Bez Mbeng,22,UTA,SG,15,5,491.99999999999994,49.5,100.5,0.5,6,31.5,0.194,43.5,69,0.638,0.53,16.5,25.5,0.64,18,39,57,61.49999999999999,34.5,4.5,22.5,46.5,121.5,NA
281,Bryce McGowens,23,NOP,SG,42,13,882,113.4,235.2,0.481,37.800000000000004,92.4,0.409,75.60000000000001,142.79999999999998,0.528,0.561,75.60000000000001,96.6,0.779,12.6,75.60000000000001,88.2,63,25.2,8.4,16.8,88.2,340.2,NA
282,Gary Trent Jr.,27,MIL,SG,65,21,1378,182,474.5,0.387,123.5,344.5,0.36,58.5,130,0.458,0.517,39,52,0.769,6.5,58.5,65,78,32.5,0,39,84.5,526.5,NA
283,Mouhamadou Gueye,27,CHI,PF,2,0,45,6,11,0.545,1,5,0.2,5,6,0.833,0.591,3,4,0.75,2,4,6,6,2,1,3,4,16,NA
284,DeJon Jarreau,28,MEM,SG,11,0,231,33,82.5,0.398,4.4,29.700000000000003,0.133,28.6,52.8,0.547,0.422,17.6,23.1,0.783,12.100000000000001,38.5,50.599999999999994,36.3,9.9,7.699999999999999,26.4,27.5,88,NA
285,David Roddy,24,DEN,PF,5,0,73,15,30,0.5,3,11,0.273,12,19,0.632,0.55,7,7,1,8,12,20,4,4,1,2,7,40,NA
286,Tre Scott,29,BRK,PF,6,4,181.8,19.200000000000003,49.800000000000004,0.38,6,19.200000000000003,0.316,13.200000000000001,31.200000000000003,0.419,0.44,4.199999999999999,6,0.667,10.2,21,31.200000000000003,10.2,7.800000000000001,4.800000000000001,4.199999999999999,12,48,NA
287,Nate Williams,26,GSW,SG,14,2,239.40000000000003,43.4,88.2,0.489,12.6,29.400000000000002,0.433,29.400000000000002,57.39999999999999,0.517,0.563,12.6,15.400000000000002,0.867,19.599999999999998,9.799999999999999,29.400000000000002,14,5.6000000000000005,0,15.400000000000002,26.599999999999998,112,NA
288,Bruce Brown,29,DEN,SG,82,4,2000.8,246,524.8000000000001,0.475,57.4,147.6,0.385,188.6,377.2,0.511,0.53,98.39999999999999,123,0.762,82,229.6,319.8,172.20000000000002,82,16.400000000000002,90.2,196.79999999999998,647.8000000000001,NA
289,Moussa Diabaté,24,CHO,C,73,47,1898,226.3,365,0.631,0,0,0.5,226.3,357.70000000000005,0.632,0.632,116.80000000000001,175.2,0.659,270.1,365,635.0999999999999,138.7,58.400000000000006,73,73,175.2,576.7,NA
290,Tyson Etienne,26,BRK,PG,24,2,379.20000000000005,57.599999999999994,144,0.4,43.2,108,0.398,14.399999999999999,36,0.405,0.548,31.200000000000003,36,0.833,4.800000000000001,21.6,26.400000000000002,40.8,12,0,16.799999999999997,48,189.60000000000002,NA
291,Leonard Miller,22,2TM,SF,46,12,717.6,147.20000000000002,262.2,0.553,32.199999999999996,101.2,0.323,115,161,0.693,0.615,36.800000000000004,55.199999999999996,0.736,55.199999999999996,128.79999999999998,179.4,41.4,18.400000000000002,13.799999999999999,36.800000000000004,64.39999999999999,358.8,NA
291,Leonard Miller,22,MIN,SF,19,0,95,17.1,32.3,0.545,1.9000000000000001,11.4,0.083,17.1,20.900000000000002,0.81,0.561,7.6000000000000005,11.4,0.636,7.6000000000000005,17.1,24.7,5.7,3.8000000000000003,0,9.5,11.4,43.699999999999996,NA
291,Leonard Miller,22,CHI,SF,27,12,623.7,126.9,229.5,0.555,29.700000000000003,86.4,0.356,97.2,143.1,0.676,0.622,32.4,43.2,0.762,45.9,108,156.6,35.1,13.5,16.2,27,54,315.9,NA
292,Walter Clayton,22,2TM,PG,69,6,1407.6,179.4,462.3,0.384,75.9,241.5,0.307,103.5,213.9,0.47,0.465,110.4,124.2,0.901,27.6,117.3,138,276,41.4,20.7,117.3,117.3,538.1999999999999,NA
292,Walter Clayton,22,UTA,PG,45,0,810,103.49999999999999,256.5,0.398,45,144,0.308,58.5,112.5,0.513,0.484,58.5,62.99999999999999,0.935,13.5,72,90,144,22.5,13.5,58.5,76.5,306,NA
292,Walter Clayton,22,MEM,PG,24,6,600,74.4,204,0.366,31.200000000000003,100.80000000000001,0.307,43.2,103.19999999999999,0.423,0.441,50.400000000000006,60,0.864,9.600000000000001,40.8,50.400000000000006,136.8,19.200000000000003,7.199999999999999,60,40.8,232.79999999999998,NA
293,Paul Reed,26,DET,C,65,11,903.5,208,338,0.617,13,39,0.325,195,299,0.656,0.636,71.5,110.5,0.664,130,162.5,292.5,78,58.5,58.5,58.5,117,507,NA
294,Oscar Tshiebwe,26,UTA,C,27,6,448.20000000000005,91.8,145.8,0.634,0,0,NA,91.8,145.8,0.634,0.634,27,48.6,0.551,78.3,102.6,178.2,32.4,16.2,5.4,21.6,37.8,210.6,NA
295,Dominick Barlow,22,PHI,PF,71,59,1689.8,213,397.59999999999997,0.539,21.3,85.2,0.256,191.70000000000002,319.5,0.612,0.565,92.3,127.8,0.718,134.9,205.9,340.8,85.2,63.9,49.699999999999996,56.800000000000004,149.1,546.7,NA
296,Quinten Post,25,GSW,PF,67,35,1159.1000000000001,194.29999999999998,442.2,0.44,93.8,274.7,0.336,100.5,160.79999999999998,0.617,0.546,33.5,40.199999999999996,0.791,67,201,268,93.8,26.8,33.5,53.6,127.3,515.9,NA
297,Ousmane Dieng,22,2TM,C,57,20,1100.1000000000001,165.29999999999998,399,0.422,62.7,182.4,0.341,102.60000000000001,210.9,0.493,0.501,34.199999999999996,45.6,0.711,28.5,148.20000000000002,182.4,136.79999999999998,22.8,17.099999999999998,74.10000000000001,79.8,433.2,NA
297,Ousmane Dieng,22,OKC,C,27,0,294.3,37.8,91.8,0.418,18.9,48.6,0.367,18.9,43.2,0.476,0.516,5.4,5.4,1,8.1,35.1,43.2,27,2.7,8.1,8.1,21.6,99.9,NA
297,Ousmane Dieng,22,MIL,C,30,20,804,129,306,0.423,45,135,0.331,84,171,0.497,0.497,27,39,0.667,21,117,138,108,24,9,66,57,330,NA
298,Buddy Hield,33,2TM,SG,51,3,821.1,142.79999999999998,326.40000000000003,0.437,76.5,214.20000000000002,0.349,71.39999999999999,117.3,0.6,0.55,30.599999999999998,35.699999999999996,0.811,25.5,86.7,117.3,71.39999999999999,40.800000000000004,10.200000000000001,45.9,56.1,387.59999999999997,NA
298,Buddy Hield,33,GSW,SG,44,3,770,132,299.2,0.433,66,193.60000000000002,0.344,61.599999999999994,105.6,0.6,0.545,26.4,35.2,0.794,26.4,83.6,110,66,35.2,8.8,44,57.2,352,NA
298,Buddy Hield,33,ATL,SG,7,0,51.1,13.299999999999999,27.3,0.481,7,16.8,0.412,6.3,9.799999999999999,0.6,0.611,2.8000000000000003,2.8000000000000003,1,0.7000000000000001,7,7.700000000000001,4.8999999999999995,2.1,0,6.3,0.7000000000000001,35.699999999999996,NA
299,Ryan Kalkbrenner,24,CHO,C,69,31,1476.6,220.8,289.8,0.753,0,6.9,0,220.8,282.9,0.766,0.753,82.8,117.3,0.716,165.6,207,379.5,55.2,34.5,103.5,62.1,110.4,524.4,NA
300,Vince Williams Jr.,25,2TM,SG,40,12,820,104,292,0.353,56,176,0.311,48,116,0.417,0.447,40,52,0.78,40,116,156,168,28,16,72,80,300,NA
300,Vince Williams Jr.,25,MEM,PG,34,12,734.4000000000001,91.80000000000001,265.2,0.352,47.599999999999994,159.8,0.308,44.2,105.4,0.419,0.445,37.400000000000006,47.599999999999994,0.804,34,102,136,149.60000000000002,27.200000000000003,13.600000000000001,64.6,71.4,272,NA
300,Vince Williams Jr.,25,UTA,SG,6,0,84,10.2,28.200000000000003,0.357,6,18,0.333,4.199999999999999,10.2,0.4,0.464,1.7999999999999998,4.199999999999999,0.5,4.800000000000001,13.799999999999999,19.200000000000003,16.200000000000003,1.7999999999999998,1.7999999999999998,7.199999999999999,9,28.200000000000003,NA
301,Jaxson Hayes,25,LAL,C,66,9,1207.8,198,264,0.756,0,0,1,198,257.4,0.753,0.761,99,151.79999999999998,0.653,99,171.6,270.59999999999997,59.4,26.400000000000002,52.800000000000004,33,125.39999999999999,495,NA
302,Gary Payton II,33,GSW,SG,73,1,1138.8,240.89999999999998,416.1,0.583,36.5,124.1,0.291,204.39999999999998,284.7,0.712,0.628,29.200000000000003,36.5,0.65,102.19999999999999,160.60000000000002,262.8,124.1,65.7,21.9,58.400000000000006,131.4,547.5,NA
303,Ben Saraf,19,BRK,SG,44,11,915.2,118.80000000000001,303.6,0.396,17.6,88,0.211,101.19999999999999,211.2,0.474,0.427,74.8,88,0.83,22,70.4,92.4,145.2,39.6,8.8,101.19999999999999,79.2,330,NA
304,Ja'Kobe Walter,21,TOR,SG,72,19,1476,180,403.2,0.446,108,266.40000000000003,0.409,72,136.79999999999998,0.519,0.582,72,93.60000000000001,0.789,57.6,129.6,187.20000000000002,86.39999999999999,72,14.4,36,165.6,540,NA
305,Josh Minott,23,2TM,PF,49,11,833,127.4,249.89999999999998,0.5,63.7,151.9,0.418,63.7,98,0.626,0.627,49,58.8,0.787,49,107.80000000000001,156.8,44.1,44.1,24.5,44.1,73.5,362.6,NA
305,Josh Minott,23,BOS,PF,33,10,524.7,69.3,135.29999999999998,0.507,33,75.89999999999999,0.442,36.300000000000004,59.4,0.593,0.632,19.8,26.400000000000002,0.769,39.6,79.2,118.8,33,23.099999999999998,13.200000000000001,19.8,49.5,191.4,NA
305,Josh Minott,23,BRK,SF,16,1,308.8,57.6,116.8,0.491,30.4,76.8,0.395,27.2,40,0.675,0.621,28.8,35.2,0.8,8,32,40,12.8,20.8,12.8,22.4,22.4,172.8,NA
306,Taylor Hendricks,22,2TM,PF,59,17,1115.1,165.2,354,0.459,64.9,182.9,0.342,100.3,171.1,0.585,0.548,47.2,70.8,0.681,64.9,153.4,218.3,53.1,47.2,29.5,47.2,100.3,436.6,NA
306,Taylor Hendricks,22,UTA,PF,33,6,491.7,59.4,128.7,0.453,23.099999999999998,69.3,0.343,33,59.4,0.586,0.547,23.099999999999998,33,0.719,29.7,69.3,99,23.099999999999998,13.200000000000001,6.6000000000000005,19.8,39.6,161.70000000000002,NA
306,Taylor Hendricks,22,MEM,PF,26,11,626.6,104,226.2,0.463,39,114.4,0.342,65,111.8,0.584,0.548,26,39,0.65,36.4,85.8,122.2,31.2,36.4,20.8,31.2,59.8,275.59999999999997,NA
307,Jose Alvarado,27,2TM,PG,69,3,1373.1,186.3,448.5,0.416,103.5,289.8,0.352,82.8,158.7,0.531,0.529,34.5,48.3,0.761,27.6,144.9,172.5,234.6,69,6.9,75.9,131.1,510.6,NA
307,Jose Alvarado,27,NOP,PG,41,0,897.9,118.89999999999999,278.8,0.418,69.7,192.70000000000002,0.363,45.1,86.10000000000001,0.54,0.543,20.5,24.599999999999998,0.833,16.400000000000002,98.39999999999999,114.8,127.10000000000001,36.9,4.1000000000000005,45.1,82,323.90000000000003,NA
307,Jose Alvarado,27,NYK,PG,28,3,473.19999999999993,70,168,0.414,30.800000000000004,95.2,0.33,39.199999999999996,75.60000000000001,0.52,0.506,14,22.400000000000002,0.682,11.200000000000001,47.6,56,106.39999999999999,28,2.8000000000000003,30.800000000000004,50.4,184.79999999999998,NA
308,Bogdan Bogdanović,33,LAC,SG,23,3,453.09999999999997,59.800000000000004,151.79999999999998,0.388,32.199999999999996,94.3,0.347,25.3,57.5,0.456,0.497,20.7,25.3,0.8,6.8999999999999995,52.9,59.800000000000004,50.6,9.200000000000001,2.3000000000000003,27.599999999999998,46,170.20000000000002,NA
309,Caris LeVert,31,DET,SG,60,0,1152,162,390,0.417,60,180,0.333,102,210,0.488,0.494,60,84,0.679,24,96,120,162,54,42,84,90,444,NA
310,Cameron Payne,31,PHI,PG,22,1,374,55,149.6,0.376,33,96.80000000000001,0.33,24.200000000000003,52.8,0.462,0.483,19.8,22,0.864,2.2,41.8,44,57.2,24.200000000000003,6.6,11,30.799999999999997,162.8,NA
311,Jamir Watkins,24,WAS,SG,50,7,1030,130,295,0.446,45,160,0.297,85,140,0.616,0.525,55.00000000000001,80,0.695,50,145,195,65,55.00000000000001,25,40,130,370,NA
312,Kris Dunn,31,LAC,PG,82,68,2230.4,229.6,475.59999999999997,0.476,82,213.20000000000002,0.374,147.6,262.40000000000003,0.559,0.56,65.60000000000001,82,0.765,57.4,213.20000000000002,270.59999999999997,295.2,131.20000000000002,16.400000000000002,114.8,188.6,598.6,NA
313,Nikola Jović,22,MIA,PF,47,1,808.4,112.8,314.90000000000003,0.366,47,169.20000000000002,0.269,70.5,145.70000000000002,0.476,0.438,70.5,98.7,0.683,23.5,126.9,155.1,103.4,28.2,18.8,65.8,65.8,343.09999999999997,NA
314,Kobe Sanders,23,LAC,SG,68,16,1353.1999999999998,176.8,380.79999999999995,0.466,81.6,197.2,0.408,102,190.39999999999998,0.527,0.57,54.400000000000006,68,0.826,27.200000000000003,122.4,156.39999999999998,108.80000000000001,47.599999999999994,6.800000000000001,81.6,142.8,496.4,NA
315,Jalen Slawson,26,IND,SF,13,6,310.7,33.800000000000004,76.7,0.442,15.6,40.300000000000004,0.375,19.5,36.4,0.514,0.539,11.700000000000001,16.900000000000002,0.706,6.5,49.4,57.2,36.4,19.5,14.3,16.900000000000002,27.3,94.89999999999999,NA
316,Terance Mann,29,BRK,SG,63,51,1530.9,170.10000000000002,365.4,0.457,56.7,151.2,0.364,113.4,214.2,0.523,0.533,63,81.9,0.788,69.30000000000001,132.3,201.60000000000002,189,44.099999999999994,12.600000000000001,69.30000000000001,157.5,453.6,NA
317,Pat Spencer,29,GSW,PG,66,14,1227.6000000000001,184.79999999999998,435.59999999999997,0.427,59.4,165,0.357,125.39999999999999,270.59999999999997,0.47,0.495,46.199999999999996,59.4,0.772,52.800000000000004,105.60000000000001,158.4,231,46.199999999999996,6.6000000000000005,85.8,72.60000000000001,475.2,NA
318,Julian Strawther,23,DEN,SG,57,14,860.6999999999999,148.20000000000002,319.2,0.467,57,148.20000000000002,0.387,91.2,171,0.538,0.558,57,68.39999999999999,0.814,11.4,102.60000000000001,114,62.7,22.8,5.7,34.199999999999996,74.10000000000001,410.40000000000003,NA
319,Jaylin Williams,23,OKC,PF,65,11,1274,149.5,351,0.423,97.5,253.5,0.383,52,97.5,0.531,0.563,71.5,91,0.793,32.5,325,357.5,156,32.5,39,65,130,468,NA
320,Leaky Black,26,WAS,SF,15,9,433.5,40.5,103.5,0.388,19.5,55.5,0.345,21,48,0.438,0.481,7.5,7.5,0.875,15,60,75,22.5,18,7.5,13.5,40.5,106.5,NA
321,Seth Curry,35,GSW,SG,10,0,133,24,49,0.49,12,25,0.48,12,24,0.5,0.612,11,12,0.917,4,8,12,10,3,0,2,7,71,NA
322,Ben Sheppard,24,IND,SG,65,20,1391,169,390,0.434,84.5,234,0.362,84.5,156,0.542,0.543,39,52,0.765,45.5,149.5,195,117,39,6.5,39,117,461.5,NA
323,Lawson Lovering,22,MEM,C,2,1,49,6,10,0.6,0,0,NA,6,10,0.6,0.6,2,5,0.4,6,9,15,3,3,1,2,7,14,NA
324,Ethan Thompson,26,IND,SG,32,13,652.8,73.6,195.2,0.378,38.4,115.2,0.328,35.2,80,0.45,0.474,38.4,48,0.787,16,51.2,70.4,57.6,19.2,9.6,25.6,70.4,224,NA
325,Grant Williams,27,CHO,PF,36,3,712.8000000000001,79.2,183.6,0.426,50.4,133.20000000000002,0.388,25.2,50.4,0.531,0.568,43.199999999999996,54,0.815,46.800000000000004,97.2,140.4,57.6,18,18,32.4,57.6,252,NA
326,Patrick Williams,24,CHI,PF,72,6,1476,180,475.2,0.372,93.60000000000001,273.59999999999997,0.347,86.39999999999999,201.6,0.407,0.472,57.6,72,0.72,50.4,165.6,216,108,50.4,28.8,72,93.60000000000001,504,NA
327,Javonte Green,32,DET,SG,82,6,1443.2,188.6,410,0.447,90.2,246,0.381,90.2,164,0.545,0.56,106.60000000000001,123,0.84,65.60000000000001,164,229.6,57.4,98.39999999999999,24.599999999999998,41,106.60000000000001,565.8000000000001,NA
328,Moritz Wagner,28,ORL,C,36,0,428.40000000000003,82.8,194.4,0.426,21.599999999999998,68.39999999999999,0.314,61.199999999999996,126,0.488,0.482,57.6,72,0.819,28.8,86.39999999999999,115.2,28.8,14.4,3.6,18,57.6,248.4,NA
329,MarJon Beauchamp,25,PHI,SF,14,1,196,33.6,75.60000000000001,0.434,15.400000000000002,47.6,0.34,16.8,29.400000000000002,0.586,0.539,12.6,19.599999999999998,0.684,7,25.2,32.199999999999996,15.400000000000002,8.4,4.2,12.6,12.6,95.2,NA
330,Elijah Harkless,25,UTA,SG,26,9,546,54.6,161.20000000000002,0.335,20.8,88.39999999999999,0.239,33.800000000000004,72.8,0.452,0.401,49.4,65,0.766,10.4,44.199999999999996,52,75.39999999999999,31.2,5.2,26,52,176.79999999999998,NA
331,Keon Ellis,26,2TM,SG,72,11,1476,165.6,381.59999999999997,0.44,93.60000000000001,252,0.363,79.2,129.6,0.586,0.559,50.4,72,0.729,36,93.60000000000001,136.79999999999998,72,86.39999999999999,43.199999999999996,43.199999999999996,136.79999999999998,482.40000000000003,NA
331,Keon Ellis,26,SAC,SG,43,5,756.8000000000001,81.7,210.70000000000002,0.397,51.6,141.9,0.368,30.099999999999998,64.5,0.462,0.524,21.5,30.099999999999998,0.625,12.9,38.7,55.9,25.8,47.300000000000004,21.5,21.5,68.8,240.79999999999998,NA
331,Keon Ellis,26,CLE,SG,29,6,719.2,87,174,0.491,37.7,107.30000000000001,0.355,49.3,66.69999999999999,0.706,0.6,31.900000000000002,37.7,0.816,23.200000000000003,58,81.19999999999999,46.400000000000006,37.7,23.200000000000003,20.299999999999997,63.800000000000004,240.70000000000002,NA
332,Isaiah Jackson,24,2TM,C,55,14,907.5,148.5,236.5,0.637,0,5.5,0,148.5,236.5,0.645,0.637,66,104.5,0.648,115.5,176,291.5,49.5,38.5,49.5,60.50000000000001,148.5,368.5,NA
332,Isaiah Jackson,24,IND,C,38,14,638.4,95,163.4,0.582,0,0,0,95,163.4,0.585,0.582,49.4,72.2,0.689,87.39999999999999,125.39999999999999,212.79999999999998,30.400000000000002,26.599999999999998,30.400000000000002,41.800000000000004,106.39999999999999,243.20000000000002,NA
332,Isaiah Jackson,24,LAC,C,17,0,270.3,54.400000000000006,71.4,0.764,0,1.7000000000000002,0,54.400000000000006,69.69999999999999,0.786,0.764,17,30.6,0.548,27.200000000000003,52.7,78.19999999999999,20.4,10.2,20.4,15.3,39.099999999999994,127.5,NA
333,Cole Anthony,25,MIL,PG,35,0,528.5,98,231,0.424,21,73.5,0.306,77,157.5,0.478,0.472,17.5,24.5,0.615,17.5,70,87.5,122.5,21,10.5,66.5,73.5,234.5,NA
334,Kevin Love,37,UTA,PF,37,5,614.2,77.7,199.8,0.397,51.8,140.6,0.373,25.9,55.5,0.456,0.53,37,44.4,0.841,55.5,159.1,214.6,66.60000000000001,14.8,7.4,29.6,55.5,247.9,NA
335,Robert Williams,28,POR,C,59,1,1008.9000000000001,177,247.8,0.708,11.8,23.6,0.391,165.2,224.2,0.74,0.726,35.4,59,0.596,141.6,271.4,413,59,35.4,88.5,47.2,76.7,395.3,NA
336,Ryan Nembhard,22,DAL,PG,60,27,1170,162,390,0.415,48,138,0.356,114,258,0.447,0.477,24,30,0.806,12,120,132,318,24,0,84,84,396,NA
337,Jamal Shead,23,TOR,PG,82,12,1853.2,188.6,500.2,0.367,82,262.40000000000003,0.321,98.39999999999999,246,0.417,0.45,90.2,114.8,0.784,24.599999999999998,114.8,139.4,442.8,73.8,16.400000000000002,114.8,164,541.1999999999999,6MOY-12
338,Oso Ighodaro,23,PHO,PF,82,24,1804,237.79999999999998,369,0.653,0,0,0,237.79999999999998,369,0.655,0.653,49.199999999999996,114.8,0.453,139.4,278.8,418.2,188.6,73.8,57.4,98.39999999999999,221.4,533,NA
339,Luke Kornet,30,SAS,C,68,25,1428,176.8,272,0.643,0,0,NA,176.8,272,0.643,0.643,95.19999999999999,115.6,0.825,183.60000000000002,231.2,414.79999999999995,129.2,34,68,27.200000000000003,122.4,442,NA
340,Drake Powell,20,BRK,SG,63,24,1323,144.89999999999998,359.1,0.402,50.400000000000006,182.7,0.28,94.5,176.39999999999998,0.528,0.473,69.30000000000001,75.6,0.896,18.9,88.19999999999999,113.4,88.19999999999999,37.8,12.600000000000001,63,88.19999999999999,409.5,NA
341,Trendon Watford,25,PHI,PF,53,7,863.9000000000001,137.8,270.29999999999995,0.515,10.600000000000001,47.7,0.2,127.19999999999999,217.29999999999998,0.587,0.534,58.300000000000004,79.5,0.779,37.099999999999994,137.8,174.89999999999998,132.5,15.899999999999999,21.200000000000003,63.599999999999994,106,344.5,NA
342,Kenrich Williams,31,OKC,PF,56,2,856.8000000000001,140,296.8,0.473,50.4,128.79999999999998,0.388,89.60000000000001,168,0.539,0.557,33.6,50.4,0.635,61.60000000000001,128.79999999999998,184.79999999999998,78.39999999999999,33.6,5.6000000000000005,44.800000000000004,61.60000000000001,364,NA
343,Jevon Carter,30,2TM,PG,53,1,869.1999999999999,121.89999999999999,307.4,0.401,79.5,217.29999999999998,0.363,42.400000000000006,90.1,0.489,0.528,15.899999999999999,21.200000000000003,0.789,15.899999999999999,74.19999999999999,90.1,84.80000000000001,42.400000000000006,10.600000000000001,37.099999999999994,58.300000000000004,339.20000000000005,NA
343,Jevon Carter,30,CHI,PG,23,0,253,41.4,103.5,0.398,32.199999999999996,78.2,0.41,9.200000000000001,25.3,0.36,0.553,9.200000000000001,9.200000000000001,1,4.6000000000000005,20.7,25.3,18.400000000000002,13.799999999999999,2.3000000000000003,11.5,18.400000000000002,124.2,NA
343,Jevon Carter,30,ORL,PG,30,1,612,81,204,0.402,45,138,0.336,36,66,0.537,0.515,6,9,0.556,9,54,63,69,27,9,24,39,216,NA
344,Andre Drummond,32,PHI,C,63,25,1228.5,157.5,333.9,0.472,31.5,88.19999999999999,0.356,126,245.7,0.514,0.519,50.400000000000006,81.9,0.631,201.60000000000002,333.9,529.2,81.9,37.8,50.400000000000006,63,126,403.20000000000005,NA
345,Will Richard,23,GSW,SG,69,21,1380,158.7,345,0.468,69,213.9,0.335,89.7,131.1,0.679,0.571,48.3,55.2,0.852,69,103.5,172.5,89.7,82.8,6.9,55.2,131.1,441.6,NA
346,Jalen Wilson,25,BRK,PF,54,2,858.6,108,275.4,0.396,54,151.2,0.355,54,124.19999999999999,0.444,0.493,70.2,97.2,0.719,16.2,97.2,113.4,48.6,21.6,0,37.8,86.4,345.6,NA
347,Rob Dillingham,21,2TM,PG,65,0,968.5,162.5,409.5,0.396,39,130,0.316,123.5,279.5,0.434,0.447,39,52,0.745,19.5,110.5,130,143,45.5,6.5,97.5,117,409.5,NA
347,Rob Dillingham,21,MIN,PG,35,0,325.5,45.5,140,0.333,10.5,31.5,0.364,35,108.5,0.324,0.376,14,21,0.75,3.5,35,42,59.5,17.5,3.5,35,35,122.5,NA
347,Rob Dillingham,21,CHI,PG,30,0,645,117,270,0.428,30,99,0.3,87,171,0.503,0.483,27,36,0.743,15,75,90,84,27,3,63,78,288,NA
348,Tyrese Martin,26,2TM,SG,46,6,777.4,110.39999999999999,276,0.394,55.199999999999996,165.6,0.321,55.199999999999996,110.39999999999999,0.5,0.489,18.400000000000002,27.599999999999998,0.679,32.199999999999996,82.8,115,78.2,23,4.6000000000000005,41.4,32.199999999999996,289.8,NA
348,Tyrese Martin,26,BRK,SG,37,6,695.6,99.9,255.3,0.392,51.8,151.7,0.336,48.1,103.6,0.476,0.492,18.5,25.9,0.731,33.300000000000004,74,107.3,70.3,22.2,3.7,33.300000000000004,29.6,270.09999999999997,NA
348,Tyrese Martin,26,PHI,SG,9,0,81,9,21.599999999999998,0.409,1.8,12.6,0.154,7.2,9,0.778,0.455,0,1.8,0,1.8,8.1,9.9,9,2.6999999999999997,1.8,7.2,2.6999999999999997,19.8,NA
349,Kyle Anderson,32,3TM,SF,43,5,851.4,107.5,202.1,0.53,4.3,12.9,0.364,103.2,189.20000000000002,0.539,0.54,47.300000000000004,68.8,0.706,43,107.5,150.5,124.7,43,25.8,38.7,94.60000000000001,266.6,NA
349,Kyle Anderson,32,UTA,SF,20,0,402,58,110,0.523,4,6,0.6,54,104,0.519,0.537,26,38,0.658,20,48,66,62,24,10,18,46,142,NA
349,Kyle Anderson,32,MEM,SF,4,3,89.2,15.2,19.2,0.789,1.2,1.2,1,14,18,0.778,0.816,6,8,0.75,3.2,11.2,14,3.2,6,4,7.2,12,37.2,NA
349,Kyle Anderson,32,MIN,SF,19,2,362.90000000000003,34.2,74.1,0.473,0,5.7,0,34.2,68.4,0.507,0.473,17.1,22.8,0.773,20.900000000000002,49.4,70.3,62.699999999999996,15.200000000000001,11.4,15.200000000000001,38,87.39999999999999,NA
350,Thomas Bryant,28,CLE,C,60,1,732,138,270,0.506,48,132,0.359,90,138,0.647,0.594,54,66,0.803,60,144,204,36,18,24,30,78,372,NA
351,Alex Caruso,31,OKC,SG,56,0,1019.1999999999999,128.79999999999998,302.40000000000003,0.423,50.4,179.20000000000002,0.293,72.8,117.60000000000001,0.622,0.512,39.199999999999996,50.4,0.804,28,128.79999999999998,156.79999999999998,112,72.8,16.8,50.4,67.2,347.2,NA
352,Kasparas Jakučionis,19,MIA,PG,53,12,943.4000000000001,100.69999999999999,238.5,0.429,63.599999999999994,153.7,0.423,37.099999999999994,79.5,0.439,0.567,58.300000000000004,63.599999999999994,0.879,42.400000000000006,95.4,137.8,137.8,31.799999999999997,5.300000000000001,47.7,100.69999999999999,328.6,NA
353,Jahmai Mashack,23,MEM,SG,31,7,672.6999999999999,77.5,195.29999999999998,0.395,18.599999999999998,74.39999999999999,0.253,58.9,120.89999999999999,0.483,0.444,18.599999999999998,34.1,0.543,21.7,58.9,80.60000000000001,68.2,37.199999999999996,15.5,49.6,68.2,192.20000000000002,NA
354,Nick Smith Jr.,21,LAL,SG,30,1,375,69,162,0.435,33,87,0.395,36,75,0.48,0.54,12,15,0.733,3,21,24,30,9,3,21,27,186,NA
355,Mac McClung,27,2TM,SG,11,0,135.3,23.1,59.400000000000006,0.39,6.6,29.700000000000003,0.233,16.5,28.6,0.552,0.449,14.3,17.6,0.778,2.2,7.699999999999999,9.9,9.9,11,3.3,8.8,18.7,67.1,NA
355,Mac McClung,27,IND,SG,3,0,33.900000000000006,6.8999999999999995,18,0.389,2.0999999999999996,9.899999999999999,0.2,5.1,8.100000000000001,0.625,0.444,3,3.9000000000000004,0.75,0,3.9000000000000004,3.9000000000000004,0.8999999999999999,5.1,0.8999999999999999,2.0999999999999996,6,18.9,NA
355,Mac McClung,27,CHI,SG,8,0,100.8,16,40.8,0.39,4.8,20,0.25,11.2,20.8,0.524,0.451,11.2,14.4,0.786,2.4,4,6.4,8.8,6.4,2.4,7.2,12.8,48,NA
356,Gradey Dick,22,TOR,SG,76,1,1064,159.6,387.59999999999997,0.419,53.199999999999996,182.4,0.301,106.39999999999999,197.6,0.53,0.492,76,91.2,0.875,45.6,106.39999999999999,144.4,53.199999999999996,45.6,7.6000000000000005,45.6,98.8,456,NA
357,Justin Edwards,22,PHI,SF,64,12,979.2,140.8,320,0.447,64,179.2,0.372,76.8,140.8,0.543,0.552,32,38.4,0.846,25.6,70.4,96,83.2,51.2,12.8,38.4,89.6,384,NA
358,Hayden Gray,22,UTA,SG,1,0,25,2,3,0.667,0,1,0,2,2,1,0.667,2,2,1,0,0,0,1,1,1,1,0,6,NA
359,Tidjane Salaün,20,CHO,PF,37,0,573.5,81.4,159.1,0.503,37,81.4,0.434,44.4,77.7,0.579,0.616,25.9,40.7,0.65,25.9,122.1,148,25.9,14.8,7.4,25.9,55.5,222,NA
360,Goga Bitadze,26,ORL,C,64,3,972.8,153.6,224,0.676,0,12.8,0.182,147.2,211.2,0.701,0.68,70.4,96,0.711,134.4,185.6,320,83.2,38.4,64,44.8,134.4,377.6,NA
361,Charles Bassey,25,4TM,C,13,0,153.4,31.2,46.800000000000004,0.66,0,0,NA,31.2,46.800000000000004,0.66,0.66,14.3,19.5,0.7,23.400000000000002,33.800000000000004,57.2,6.5,3.9,10.4,6.5,19.5,75.39999999999999,NA
361,Charles Bassey,25,MEM,C,2,0,31,3,8,0.375,0,0,NA,3,8,0.375,0.375,1,3,0.333,7,8,15,2,1,1,1,5,7,NA
361,Charles Bassey,25,PHI,C,1,0,5,1,1,1,0,0,NA,1,1,1,1,0,0,NA,0,0,0,0,0,1,0,0,2,NA
361,Charles Bassey,25,BOS,C,5,0,17,6,7,0.857,0,0,NA,6,7,0.857,0.857,2,4,0.5,4,2,6,0,1,2,1,3,14,NA
361,Charles Bassey,25,GSW,C,5,0,100,21,31,0.677,0,0,NA,21,31,0.677,0.677,11,13,0.846,12,24,36,5,2,7,4,11,53,NA
362,Kobe Brown,26,2TM,PF,61,10,963.8000000000001,128.1,268.40000000000003,0.469,54.9,140.29999999999998,0.374,73.2,134.20000000000002,0.568,0.565,48.800000000000004,61,0.797,67.10000000000001,115.89999999999999,183,79.3,24.400000000000002,12.200000000000001,54.9,67.10000000000001,353.8,NA
362,Kobe Brown,26,LAC,PF,34,0,295.79999999999995,34,85,0.393,13.600000000000001,47.599999999999994,0.265,20.4,34,0.571,0.47,20.4,27.200000000000003,0.808,17,34,54.400000000000006,27.200000000000003,10.2,3.4000000000000004,13.600000000000001,17,98.6,NA
362,Kobe Brown,26,IND,PF,27,10,666.9,94.5,186.3,0.503,37.8,89.1,0.433,54,97.2,0.567,0.607,27,32.4,0.788,51.3,81,132.3,54,13.5,10.8,37.8,54,253.8,NA
363,Nick Richards,28,2TM,C,48,6,700.8,100.80000000000001,201.60000000000002,0.512,4.800000000000001,19.200000000000003,0.278,96,182.39999999999998,0.536,0.525,67.19999999999999,100.80000000000001,0.644,76.80000000000001,168,244.79999999999998,14.399999999999999,9.600000000000001,33.599999999999994,57.599999999999994,86.4,278.4,NA
363,Nick Richards,28,PHO,C,28,2,254.79999999999998,36.4,70,0.493,0,0,NA,36.4,70,0.493,0.493,19.599999999999998,28,0.679,36.4,56,92.39999999999999,8.4,2.8000000000000003,14,25.2,39.199999999999996,89.60000000000001,NA
363,Nick Richards,28,CHI,C,20,4,448,68,130,0.523,6,18,0.278,64,112,0.563,0.542,46,74,0.63,42,110,152,8,6,18,34,50,188,NA
364,Steven Adams,32,HOU,C,32,11,729.6,70.4,137.6,0.504,0,0,NA,70.4,137.6,0.504,0.504,48,80,0.58,144,131.2,275.2,48,22.4,19.2,35.2,54.4,185.6,NA
365,Branden Carlson,26,OKC,C,42,4,487.2,96.6,184.8,0.527,29.4,84,0.36,67.2,100.8,0.67,0.61,16.8,25.2,0.577,29.4,96.6,126,29.4,8.4,25.2,16.8,37.800000000000004,243.6,NA
366,Ryan Dunn,23,PHO,SF,70,16,1358,161,364,0.453,56,168,0.331,105,196,0.56,0.53,21,49,0.489,98,196,294,105,63,28,56,133,406,NA
367,Anthony Gill,33,WAS,PF,55,8,951.5,137.5,214.5,0.628,16.5,49.5,0.354,115.5,165,0.707,0.667,33,44,0.739,60.50000000000001,99,159.5,71.5,33,22,38.5,88,319,NA
368,Kris Murray,25,POR,SF,57,15,1333.8,131.1,273.59999999999997,0.467,34.199999999999996,119.7,0.279,96.89999999999999,153.9,0.617,0.529,39.9,57,0.684,91.2,114,205.20000000000002,79.8,51.300000000000004,22.8,45.6,91.2,330.59999999999997,NA
369,Matisse Thybulle,28,POR,SG,30,0,480,57,135,0.433,36,93,0.398,21,42,0.512,0.571,21,24,0.84,18,42,60,27,60,15,27,42,174,NA
370,Nae'Qwan Tomlin,25,CLE,PF,64,3,1004.8,147.2,313.6,0.478,25.6,115.2,0.235,121.6,198.4,0.618,0.521,44.8,64,0.77,83.2,102.4,185.6,51.2,38.4,32,32,128,371.2,NA
371,Dean Wade,29,CLE,PF,59,38,1315.7,123.9,277.3,0.439,70.8,194.7,0.362,53.1,82.6,0.622,0.567,29.5,35.4,0.711,53.1,194.7,247.8,88.5,41.3,23.6,17.7,88.5,342.2,NA
372,Jamaree Bouyea,26,PHO,PG,46,1,644,105.8,234.6,0.458,23,78.2,0.295,82.8,156.4,0.538,0.506,23,36.800000000000004,0.686,18.400000000000002,64.39999999999999,82.8,82.8,27.599999999999998,13.799999999999999,32.199999999999996,36.800000000000004,262.2,NA
373,E.J. Liddell,25,BRK,PF,26,5,348.40000000000003,54.6,111.8,0.486,18.2,52,0.346,36.4,59.8,0.61,0.568,20.8,26,0.808,13,54.6,70.2,23.400000000000002,5.2,10.4,15.6,44.199999999999996,148.20000000000002,NA
374,Karlo Matković,24,NOP,PF,62,2,911.4,142.6,235.6,0.604,37.199999999999996,93,0.422,105.39999999999999,142.6,0.717,0.685,31,43.4,0.732,74.39999999999999,155,229.4,49.6,24.8,55.800000000000004,31,105.39999999999999,353.40000000000003,NA
375,Doug McDermott,34,SAC,SF,29,0,437.9,55.099999999999994,139.2,0.388,49.3,121.80000000000001,0.39,5.800000000000001,17.4,0.375,0.561,8.7,8.7,0.889,5.800000000000001,29,37.7,23.200000000000003,5.800000000000001,2.9000000000000004,11.600000000000001,29,165.3,NA
376,Yves Missi,21,NOP,C,66,14,1300.2,158.4,297,0.544,0,0,0,158.4,290.40000000000003,0.546,0.544,59.4,99,0.559,184.79999999999998,204.6,382.8,85.8,19.8,99,52.800000000000004,112.2,376.2,NA
377,Mitchell Robinson,27,NYK,C,60,16,1176,150,204,0.723,0,0,NA,150,204,0.723,0.723,42,102,0.408,252,276,528,54,54,72,42,126,342,6MOY-8
378,Guerschon Yabusele,30,2TM,C,67,19,1005,127.3,314.90000000000003,0.401,67,194.29999999999998,0.352,53.6,113.89999999999999,0.483,0.511,53.6,73.7,0.75,53.6,180.9,234.5,60.300000000000004,26.8,13.4,40.199999999999996,80.39999999999999,375.2,NA
378,Guerschon Yabusele,30,NYK,C,41,0,364.90000000000003,41,106.60000000000001,0.393,20.5,69.7,0.294,20.5,41,0.564,0.486,8.200000000000001,12.299999999999999,0.667,24.599999999999998,61.5,86.10000000000001,16.400000000000002,4.1000000000000005,4.1000000000000005,16.400000000000002,36.9,110.7,NA
378,Guerschon Yabusele,30,CHI,C,26,19,642.1999999999999,83.2,205.4,0.405,49.4,127.4,0.383,33.800000000000004,78,0.442,0.524,46.800000000000004,59.8,0.767,31.2,114.4,148.20000000000002,44.199999999999996,20.8,10.4,26,44.199999999999996,260,NA
379,Terrence Shannon Jr.,25,MIN,SG,43,2,537.5,77.4,172,0.45,30.099999999999998,77.4,0.408,47.300000000000004,94.60000000000001,0.484,0.541,55.9,68.8,0.8,8.6,38.7,47.300000000000004,38.7,12.9,0,25.8,51.6,240.79999999999998,NA
380,Dru Smith,28,MIA,SG,70,1,1141,133,322,0.415,35,126,0.295,98,196,0.495,0.474,84,105,0.829,63,112,175,182,98,21,56,112,392,NA
381,Eric Gordon,37,PHI,SG,6,0,73.80000000000001,12,21,0.571,7.800000000000001,13.799999999999999,0.571,4.199999999999999,7.199999999999999,0.571,0.762,1.2000000000000002,1.7999999999999998,0.5,1.2000000000000002,1.2000000000000002,1.7999999999999998,3,4.199999999999999,1.2000000000000002,3,3,33,NA
382,Killian Hayes,24,SAC,PG,23,3,407.09999999999997,41.4,138,0.304,16.099999999999998,62.1,0.27,25.3,75.89999999999999,0.333,0.366,25.3,27.599999999999998,0.929,4.6000000000000005,50.6,52.9,80.5,20.7,4.6000000000000005,27.599999999999998,36.800000000000004,126.5,NA
383,Aaron Holiday,29,HOU,PG,57,1,780.9,102.60000000000001,250.8,0.417,68.39999999999999,171,0.394,39.9,79.8,0.463,0.55,34.199999999999996,39.9,0.854,11.4,45.6,57,62.7,28.5,5.7,39.9,74.10000000000001,313.5,NA
384,Jett Howard,22,ORL,SF,55,0,693,104.5,252.99999999999997,0.418,55,143,0.372,49.5,104.5,0.481,0.526,38.5,38.5,0.949,22,66,88,44,11,11,16.5,66,302.5,NA
385,Spencer Jones,24,DEN,SF,64,37,1414.4,134.4,262.4,0.504,57.6,147.2,0.396,76.8,115.2,0.636,0.613,32,51.2,0.608,76.8,134.4,211.2,51.2,51.2,32,32,172.8,352,NA
386,Tre Mann,24,CHO,PG,53,1,667.8,111.30000000000001,302.1,0.36,47.7,153.7,0.323,58.300000000000004,148.39999999999998,0.399,0.442,21.200000000000003,26.5,0.852,21.200000000000003,74.19999999999999,90.1,84.80000000000001,26.5,5.300000000000001,53,68.9,291.5,NA
387,Baylor Scheierman,25,BOS,SG,77,20,1432.2,154,331.09999999999997,0.453,100.10000000000001,246.4,0.399,53.9,92.39999999999999,0.6,0.599,30.8,30.8,0.903,53.9,215.6,269.5,115.5,38.5,7.7,46.199999999999996,107.8,423.5,NA
388,Jamal Cain,26,ORL,SF,40,1,488,76,152,0.487,28,72,0.384,48,80,0.582,0.579,40,48,0.848,28,52,80,28,12,4,20,52,216,NA
389,Dylan Cardwell,24,SAC,C,44,1,906.4000000000001,105.6,180.39999999999998,0.587,0,4.4,0.5,101.19999999999999,176,0.589,0.592,26.4,52.8,0.51,145.2,184.8,330,61.599999999999994,30.799999999999997,66,39.6,162.8,237.60000000000002,NA
390,Haywood Highsmith,29,PHO,SF,7,0,91,11.9,23.099999999999998,0.522,7.700000000000001,14,0.571,4.2,9.1,0.444,0.696,6.3,7,0.857,6.3,7,13.299999999999999,7,4.2,0,0,9.1,37.800000000000004,NA
391,Sion James,23,CHO,SG,82,19,1845,139.4,369,0.371,82,237.79999999999998,0.352,57.4,139.4,0.404,0.483,82,98.39999999999999,0.837,49.199999999999996,237.79999999999998,287,164,49.199999999999996,16.400000000000002,65.60000000000001,147.6,442.8,NA
392,Pete Nance,25,MIL,PF,47,6,737.9,98.7,192.7,0.515,51.7,117.5,0.42,51.7,75.2,0.667,0.644,4.7,9.4,0.364,28.2,98.7,126.9,47,14.1,14.1,28.2,61.1,253.8,NA
393,Tyrese Proctor,21,CLE,PG,50,1,545,95,225,0.413,45,130,0.351,45,95,0.5,0.516,40,45,0.889,10,55.00000000000001,65,75,25,0,40,60,270,NA
394,Jordan Walsh,21,BOS,PF,68,25,1210.4,136,265.2,0.509,47.599999999999994,122.4,0.384,88.4,142.8,0.62,0.599,40.8,54.400000000000006,0.772,88.4,190.39999999999998,272,54.400000000000006,47.599999999999994,34,34,136,367.20000000000005,NA
395,Rayan Rupert,21,2TM,SG,64,8,1075.2,121.6,313.6,0.393,44.8,134.4,0.324,76.8,179.2,0.446,0.463,44.8,51.2,0.778,51.2,140.8,185.6,70.4,57.6,6.4,57.6,121.6,332.8,NA
395,Rayan Rupert,21,POR,SG,48,0,576,52.800000000000004,148.8,0.361,24,72,0.31,28.799999999999997,76.80000000000001,0.408,0.435,9.600000000000001,14.399999999999999,0.643,24,62.400000000000006,86.4,33.599999999999994,28.799999999999997,0,28.799999999999997,62.400000000000006,139.2,NA
395,Rayan Rupert,21,MEM,SG,16,8,494.4,70.4,166.4,0.422,22.4,65.6,0.338,48,100.8,0.475,0.488,33.6,40,0.825,25.6,76.8,102.4,33.6,25.6,6.4,27.2,64,195.2,NA
396,Trey Alexander,22,NOP,SG,9,0,110.7,18.900000000000002,36.9,0.514,6.3,11.700000000000001,0.5,12.6,25.2,0.52,0.595,2.6999999999999997,5.3999999999999995,0.6,0.9,9.9,10.799999999999999,9,6.3,1.8,2.6999999999999997,12.6,46.800000000000004,NA
397,Drew Eubanks,28,SAC,C,42,11,550.1999999999999,92.4,155.4,0.596,0,8.4,0.143,92.4,147,0.617,0.599,33.6,58.8,0.561,37.800000000000004,88.2,126,21,16.8,25.2,29.4,58.8,218.4,NA
398,Andersson Garcia,25,UTA,SF,5,2,169,9,29,0.31,1,13,0.077,8,16,0.5,0.328,7,9,0.778,17,25,42,14,8,4,7,16,26,NA
399,Garrison Mathews,29,IND,SG,15,1,196.5,21,52.5,0.404,16.5,46.5,0.37,4.5,6,0.667,0.567,19.5,22.5,0.826,1.5,15,16.5,10.5,6,3,3,19.5,78,NA
400,Asa Newell,20,ATL,PF,44,2,501.6,92.4,167.2,0.538,30.799999999999997,74.8,0.387,61.599999999999994,92.4,0.66,0.624,17.6,30.799999999999997,0.552,44,52.8,96.80000000000001,26.4,17.6,13.2,22,66,228.8,NA
401,Jalen Pickett,26,DEN,SG,50,18,805.0000000000001,100,229.99999999999997,0.422,50,125,0.386,50,105,0.467,0.528,15,20,0.789,20,95,114.99999999999999,114.99999999999999,15,5,35,40,260,NA
402,Marcus Sasser,25,DET,PG,38,5,456,68.4,178.6,0.39,45.6,106.39999999999999,0.415,26.599999999999998,72.2,0.352,0.514,15.200000000000001,19,0.833,7.6000000000000005,30.400000000000002,38,76,19,3.8000000000000003,30.400000000000002,41.800000000000004,197.6,NA
403,Nikola Topić,20,OKC,PG,10,2,160,22,51,0.431,6,15,0.4,16,36,0.444,0.49,2,5,0.4,7,12,19,44,5,0,25,13,52,NA
404,Ochai Agbaji,25,2TM,SG,62,13,973.4,124,279,0.436,31,130.20000000000002,0.266,86.8,155,0.579,0.496,37.199999999999996,43.4,0.837,43.4,93,142.6,49.6,24.8,18.599999999999998,31,93,316.2,NA
404,Ochai Agbaji,25,TOR,SG,42,13,651,71.39999999999999,168,0.424,12.6,63,0.185,58.8,105,0.571,0.459,25.2,29.4,0.862,33.6,63,96.6,29.4,16.8,12.6,21,75.60000000000001,180.6,NA
404,Ochai Agbaji,25,BRK,SG,20,0,324,50,110,0.455,22,64,0.349,28,48,0.596,0.555,12,14,0.786,14,34,46,18,8,6,12,18,134,NA
405,Sidy Cissoko,21,POR,SF,75,26,1432.5,135,337.5,0.398,60,195,0.298,75,135,0.544,0.487,60,90,0.659,60,105,165,112.5,52.5,22.5,67.5,180,382.5,NA
406,Johnny Furphy,21,IND,SG,35,21,644,70,150.5,0.47,24.5,70,0.324,45.5,77,0.603,0.547,17.5,35,0.486,31.5,122.5,154,42,21,7,28,66.5,178.5,NA
407,Jordan Hawkins,23,NOP,SG,51,1,693.6,91.8,255,0.366,45.9,132.6,0.348,45.9,122.39999999999999,0.385,0.457,25.5,25.5,0.852,20.400000000000002,66.3,86.7,40.800000000000004,15.299999999999999,10.200000000000001,35.699999999999996,30.599999999999998,260.09999999999997,NA
408,Jericho Sims,27,MIL,C,67,19,1319.8999999999999,147.4,187.6,0.784,0,0,NA,147.4,187.6,0.784,0.784,46.9,73.7,0.62,147.4,221.1,368.5,107.2,20.099999999999998,20.099999999999998,73.7,147.4,335,NA
409,Adem Bona,22,PHI,C,71,18,1235.3999999999999,127.8,220.1,0.595,0,7.1000000000000005,0.333,127.8,213,0.603,0.6,78.10000000000001,113.60000000000001,0.708,127.8,177.5,305.3,35.5,28.400000000000002,85.2,56.800000000000004,156.20000000000002,340.8,NA
410,Blake Wesley,22,POR,SG,31,0,359.59999999999997,55.800000000000004,124,0.452,9.299999999999999,37.199999999999996,0.278,46.5,86.8,0.523,0.492,24.8,46.5,0.553,9.299999999999999,31,40.300000000000004,62,15.5,6.2,31,34.1,148.79999999999998,NA
411,Tyler Smith,21,DAL,PF,12,0,165.60000000000002,21.6,50.400000000000006,0.42,9.600000000000001,34.8,0.286,10.8,15.600000000000001,0.733,0.52,3.5999999999999996,6,0.667,12,21.6,33.599999999999994,4.800000000000001,6,0,6,13.200000000000001,56.400000000000006,NA
412,KJ Simpson,23,2TM,PG,20,2,258,34,100,0.343,12,40,0.3,22,60,0.373,0.404,12,18,0.611,10,28,38,44,16,0,26,18,92,NA
412,KJ Simpson,23,CHO,PG,14,2,222.6,30.800000000000004,89.60000000000001,0.348,12.6,39.199999999999996,0.308,19.599999999999998,50.4,0.38,0.416,9.799999999999999,15.400000000000002,0.625,5.6000000000000005,23.8,29.400000000000002,35,15.400000000000002,0,23.8,14,84,NA
412,KJ Simpson,23,DEN,PG,6,0,34.2,3,10.2,0.3,0,1.2000000000000002,0,3,9,0.333,0.3,1.2000000000000002,1.7999999999999998,0.5,4.199999999999999,4.199999999999999,7.800000000000001,7.800000000000001,1.2000000000000002,0,1.2000000000000002,4.199999999999999,7.199999999999999,NA
413,Lonzo Ball,28,CLE,PG,35,3,728,52.5,175,0.301,38.5,147,0.272,14,28,0.448,0.415,14,21,0.667,24.5,115.5,140,136.5,45.5,10.5,52.5,45.5,161,NA
414,Malaki Branham,22,WAS,SG,28,0,274.40000000000003,42,92.39999999999999,0.473,14,36.4,0.378,28,53.199999999999996,0.537,0.549,28,33.6,0.824,11.200000000000001,30.800000000000004,44.800000000000004,22.400000000000002,11.200000000000001,2.8000000000000003,14,22.400000000000002,128.79999999999998,NA
415,Zyon Pullin,24,MIN,SG,5,0,43,9,13,0.692,1,3,0.333,8,10,0.8,0.731,4,4,1,1,2,3,9,1,0,3,6,23,NA
416,Jeremiah Robinson-Earl,25,2TM,PF,22,3,360.79999999999995,37.4,99,0.37,11,41.8,0.244,26.4,59.400000000000006,0.458,0.42,17.6,17.6,0.944,35.2,66,103.4,15.399999999999999,8.8,0,11,26.4,101.19999999999999,NA
416,Jeremiah Robinson-Earl,25,IND,PF,17,3,299.20000000000005,28.9,83.30000000000001,0.349,8.5,32.3,0.242,20.4,49.3,0.42,0.398,13.600000000000001,13.600000000000001,0.929,32.3,56.099999999999994,88.4,11.899999999999999,6.800000000000001,1.7000000000000002,10.2,23.799999999999997,78.19999999999999,NA
416,Jeremiah Robinson-Earl,25,DAL,PF,5,0,61,8,17,0.471,2,8,0.25,6,9,0.667,0.529,4,4,1,4,11,15,3,2,0,2,3,22,NA
417,PJ Hall,23,2TM,C,19,2,214.70000000000002,30.400000000000002,58.9,0.508,3.8000000000000003,5.7,0.6,26.599999999999998,53.199999999999996,0.5,0.534,22.8,28.5,0.793,32.3,41.800000000000004,74.1,9.5,3.8000000000000003,9.5,15.200000000000001,22.8,85.5,NA
417,PJ Hall,23,MEM,C,7,0,27.3,4.8999999999999995,9.1,0.556,0.7000000000000001,2.8000000000000003,0.333,4.2,6.3,0.667,0.611,2.1,2.8000000000000003,0.667,2.8000000000000003,6.3,9.1,2.1,0,2.1,0.7000000000000001,2.8000000000000003,13.299999999999999,NA
417,PJ Hall,23,CHO,C,12,2,187.2,25.200000000000003,50.400000000000006,0.5,2.4000000000000004,2.4000000000000004,1,22.799999999999997,48,0.479,0.52,21.6,26.400000000000002,0.808,30,36,66,8.399999999999999,3.5999999999999996,8.399999999999999,15.600000000000001,19.200000000000003,73.19999999999999,NA
418,Moussa Cisse,23,DAL,C,38,1,528.2,64.6,114,0.574,0,0,NA,64.6,114,0.574,0.574,38,79.8,0.469,87.39999999999999,125.39999999999999,216.6,7.6000000000000005,19,45.6,30.400000000000002,72.2,171,NA
419,Mike Conley,38,MIN,PG,54,15,993.5999999999999,70.2,216,0.335,54,167.4,0.337,16.2,48.6,0.327,0.465,43.2,48.6,0.9,16.2,75.6,91.8,156.6,32.4,16.2,32.4,86.4,243,NA
420,Josh Okogie,27,HOU,SG,78,32,1357.1999999999998,124.80000000000001,296.4,0.425,62.400000000000006,163.8,0.385,62.400000000000006,132.6,0.474,0.531,39,70.2,0.594,78,117,202.8,70.2,62.400000000000006,15.600000000000001,39,109.19999999999999,351,NA
421,Taelon Peter,23,IND,SG,38,0,490.2,60.800000000000004,159.6,0.38,41.800000000000004,125.39999999999999,0.328,19,34.2,0.576,0.509,11.4,15.200000000000001,0.625,11.4,49.4,60.800000000000004,41.800000000000004,26.599999999999998,3.8000000000000003,26.599999999999998,38,171,NA
422,Craig Porter Jr.,25,CLE,PG,64,3,1145.6,115.2,256,0.45,32,96,0.355,83.2,166.4,0.503,0.514,25.6,38.4,0.6,83.2,134.4,217.6,204.8,57.6,38.4,57.6,70.4,288,NA
423,John Konchar,29,2TM,SG,56,8,1114.3999999999999,95.2,201.6,0.472,28,100.8,0.283,67.2,100.8,0.66,0.543,33.6,44.800000000000004,0.727,72.8,168,240.79999999999998,117.60000000000001,84,39.199999999999996,33.6,78.39999999999999,246.40000000000003,NA
423,John Konchar,29,MEM,SG,30,1,435,36,72,0.521,12,39,0.333,24,33,0.75,0.613,9,12,0.615,21,72,93,39,30,12,15,30,96,NA
423,John Konchar,29,UTA,SG,26,7,681.1999999999999,57.2,127.4,0.445,15.6,59.8,0.25,41.6,67.60000000000001,0.618,0.504,23.400000000000002,31.2,0.774,54.6,93.60000000000001,148.20000000000002,78,52,26,20.8,49.4,153.4,NA
424,RayJ Dennis,24,3TM,PG,17,0,205.7,25.5,83.30000000000001,0.313,13.600000000000001,44.2,0.311,11.899999999999999,37.400000000000006,0.316,0.398,8.5,8.5,0.889,8.5,18.700000000000003,25.5,32.3,3.4000000000000004,3.4000000000000004,17,20.4,74.80000000000001,NA
424,RayJ Dennis,24,IND,PG,13,0,167.70000000000002,22.099999999999998,71.5,0.306,11.700000000000001,37.699999999999996,0.316,10.4,33.800000000000004,0.294,0.389,7.8,9.1,0.889,7.8,13,20.8,26,2.6,3.9,14.3,15.6,63.7,NA
424,RayJ Dennis,24,LAC,PG,1,0,4,0,0,NA,0,0,NA,0,0,NA,NA,0,0,NA,0,2,2,0,0,0,1,0,0,NA
424,RayJ Dennis,24,ATL,PG,3,0,33.900000000000006,3.9000000000000004,11.100000000000001,0.364,2.0999999999999996,6.8999999999999995,0.286,2.0999999999999996,3.9000000000000004,0.5,0.455,0,0,NA,0,3,3,6.8999999999999995,0.8999999999999999,0,2.0999999999999996,5.1,9.899999999999999,NA
425,Gabe Vincent,29,2TM,PG,53,7,879.8000000000001,74.19999999999999,217.29999999999998,0.352,58.300000000000004,174.89999999999998,0.341,15.899999999999999,42.400000000000006,0.395,0.488,21.200000000000003,21.200000000000003,0.87,15.899999999999999,37.099999999999994,53,74.19999999999999,26.5,5.300000000000001,26.5,79.5,233.20000000000002,NA
425,Gabe Vincent,29,LAL,PG,29,7,559.7,46.400000000000006,130.5,0.346,37.7,104.4,0.369,5.800000000000001,26.1,0.259,0.492,8.7,11.600000000000001,0.909,5.800000000000001,20.299999999999997,26.1,37.7,14.5,0,11.600000000000001,52.2,139.2,NA
425,Gabe Vincent,29,ATL,PG,24,0,319.20000000000005,31.200000000000003,86.4,0.36,21.6,69.6,0.3,9.600000000000001,16.799999999999997,0.625,0.483,9.600000000000001,12,0.833,9.600000000000001,16.799999999999997,26.400000000000002,38.400000000000006,12,2.4000000000000004,14.399999999999999,26.400000000000002,93.6,NA
426,Mouhamed Gueye,23,ATL,PF,77,8,1178.1000000000001,130.9,292.59999999999997,0.452,38.5,130.9,0.308,92.39999999999999,161.70000000000002,0.569,0.521,38.5,61.6,0.645,92.39999999999999,184.79999999999998,277.2,69.3,61.6,38.5,30.8,123.2,338.8,NA
427,Kam Jones,23,IND,SG,37,7,614.2,66.60000000000001,170.2,0.402,22.2,74,0.293,44.4,92.5,0.489,0.467,3.7,7.4,0.5,14.8,44.4,59.2,118.4,18.5,0,37,40.7,162.8,NA
428,DeAndre Jordan,37,NOP,C,12,7,199.20000000000002,21.6,32.400000000000006,0.656,0,0,NA,21.6,32.400000000000006,0.656,0.656,10.8,16.799999999999997,0.647,26.400000000000002,50.400000000000006,75.6,10.8,3.5999999999999996,9.600000000000001,9.600000000000001,15.600000000000001,52.800000000000004,NA
429,Tyler Kolek,24,NYK,PG,62,1,725.4,105.39999999999999,248,0.435,43.4,111.60000000000001,0.386,62,136.4,0.478,0.524,12.4,18.599999999999998,0.7,18.599999999999998,80.60000000000001,99.2,167.4,24.8,6.2,55.800000000000004,62,272.8,NA
430,Jase Richardson,20,ORL,SG,54,0,588.6,86.4,189,0.473,27,81,0.354,59.400000000000006,108,0.56,0.548,32.4,48.6,0.717,21.6,43.2,64.8,59.400000000000006,21.6,0,27,54,237.60000000000002,NA
431,Jarred Vanderbilt,26,LAL,PF,65,3,1131,110.5,240.5,0.471,26,97.5,0.293,84.5,143,0.596,0.531,32.5,58.5,0.589,78,214.5,292.5,84.5,52,19.5,58.5,104,286,NA
432,Keshon Gilbert,22,2TM,SG,4,0,74,5.2,12,0.417,0,3.2,0,5.2,9.2,0.556,0.417,7.2,7.2,1,2,3.2,5.2,12,3.2,4,8,5.2,17.2,NA
432,Keshon Gilbert,22,WAS,PG,3,0,48,0.8999999999999999,3.9000000000000004,0.25,0,2.0999999999999996,0,0.8999999999999999,2.0999999999999996,0.5,0.25,3.9000000000000004,3.9000000000000004,1,2.0999999999999996,3,5.1,3,2.0999999999999996,3.9000000000000004,6,3,6,NA
432,Keshon Gilbert,22,ATL,SG,1,0,26,4,8,0.5,0,1,0,4,7,0.571,0.5,3,3,1,0,0,0,9,1,0,2,2,11,NA
433,Rasheer Fleming,21,PHO,PF,55,1,671,88,214.5,0.405,44,132,0.346,44,82.5,0.494,0.509,16.5,33,0.559,55,66,126.49999999999999,16.5,22,22,27.5,66,236.5,NA
434,Josh Green,25,CHO,SG,58,0,910.5999999999999,81.19999999999999,179.8,0.459,58,139.2,0.42,23.200000000000003,40.599999999999994,0.581,0.619,23.200000000000003,29,0.893,46.400000000000006,58,104.4,46.400000000000006,34.8,5.800000000000001,34.8,63.800000000000004,249.39999999999998,NA
435,Keshad Johnson,24,MIA,SF,32,0,281.6,51.2,105.6,0.49,12.8,44.8,0.295,38.4,60.8,0.633,0.553,22.4,28.8,0.724,25.6,35.2,60.8,9.6,16,9.6,12.8,28.8,137.6,NA
436,Yanic Konan Niederhäuser,22,LAC,C,41,0,422.3,65.60000000000001,98.39999999999999,0.64,0,4.1000000000000005,0.2,61.5,94.3,0.663,0.645,45.1,61.5,0.758,36.9,82,118.89999999999999,12.299999999999999,4.1000000000000005,28.7,24.599999999999998,65.60000000000001,176.29999999999998,NA
437,Skal Labissière,29,WAS,PF,3,0,38.099999999999994,6,9.899999999999999,0.6,0.8999999999999999,5.1,0.2,5.1,5.1,1,0.65,0,0,NA,3,6,9,3,2.0999999999999996,0.8999999999999999,0.8999999999999999,3,12.899999999999999,NA
438,Dereck Lively II,21,DAL,C,7,4,114.79999999999998,11.200000000000001,18.2,0.611,0,0,NA,11.200000000000001,18.2,0.611,0.611,7.700000000000001,9.799999999999999,0.8,14,23.099999999999998,37.1,13.299999999999999,4.2,11.200000000000001,9.799999999999999,21,30.099999999999998,NA
439,Liam McNeeley,20,CHO,SF,31,0,368.90000000000003,37.199999999999996,96.10000000000001,0.4,24.8,58.9,0.4,15.5,34.1,0.4,0.526,31,40.300000000000004,0.821,12.4,58.9,74.39999999999999,24.8,6.2,3.1,12.4,37.199999999999996,133.29999999999998,NA
440,Grant Nelson,23,BRK,PF,4,0,35.2,5.2,9.2,0.556,0,0,NA,5.2,9.2,0.556,0.556,7.2,10,0.7,1.2,5.2,6,5.2,1.2,5.2,4,6,17.2,NA
441,Micah Peavy,24,NOP,SG,61,4,915,103.7,274.5,0.385,30.5,109.8,0.259,79.3,164.70000000000002,0.467,0.436,24.400000000000002,30.5,0.759,48.800000000000004,73.2,115.89999999999999,61,42.699999999999996,6.1000000000000005,18.3,97.60000000000001,262.3,NA
442,Jabari Walker,23,PHI,PF,64,6,761.6,96,211.2,0.455,32,96,0.337,64,115.2,0.551,0.531,51.2,70.4,0.735,70.4,121.6,192,32,25.6,12.8,25.6,102.4,275.2,NA
443,Carter Bryant,20,SAS,PF,71,0,816.5,106.5,262.7,0.408,49.699999999999996,156.20000000000002,0.335,56.800000000000004,106.5,0.509,0.506,28.400000000000002,42.6,0.714,35.5,142,177.5,49.699999999999996,14.200000000000001,21.3,35.5,92.3,298.2,NA
444,Ron Harper Jr.,25,BOS,SF,29,3,319,46.400000000000006,110.19999999999999,0.418,29,81.19999999999999,0.35,17.4,29,0.6,0.545,2.9000000000000004,2.9000000000000004,0.75,14.5,31.900000000000002,49.3,23.200000000000003,8.7,8.7,8.7,20.299999999999997,121.80000000000001,NA
445,Dalton Knecht,24,LAL,SF,54,1,550.8,86.4,189,0.455,37.8,113.4,0.342,48.6,81,0.613,0.555,16.2,21.6,0.727,16.2,59.400000000000006,75.6,21.6,10.8,10.8,21.6,43.2,226.8,NA
446,A.J. Lawson,25,TOR,SG,24,0,225.60000000000002,33.599999999999994,79.19999999999999,0.436,19.200000000000003,45.599999999999994,0.422,14.399999999999999,33.599999999999994,0.455,0.558,14.399999999999999,19.200000000000003,0.778,9.600000000000001,33.599999999999994,43.2,7.199999999999999,12,4.800000000000001,7.199999999999999,26.400000000000002,100.80000000000001,NA
447,Tristan Enaruna,24,CLE,SF,9,0,84.60000000000001,14.4,27.900000000000002,0.5,2.6999999999999997,9.9,0.3,10.799999999999999,18,0.611,0.554,6.3,8.1,0.75,7.2,7.2,14.4,7.2,5.3999999999999995,0,2.6999999999999997,2.6999999999999997,36.9,NA
448,Nicolas Batum,37,LAC,PF,74,6,1295,96.2,236.8,0.403,88.8,229.4,0.404,7.4,7.4,0.4,0.597,7.4,7.4,0.818,22.2,162.8,185,66.60000000000001,44.4,22.2,37,103.6,296,NA
449,Tony Bradley,28,2TM,C,41,4,451,65.60000000000001,118.89999999999999,0.547,0,4.1000000000000005,0.5,61.5,114.8,0.549,0.556,32.800000000000004,41,0.744,61.5,57.4,114.8,20.5,4.1000000000000005,8.200000000000001,16.400000000000002,61.5,164,NA
449,Tony Bradley,28,IND,C,38,3,414.2,60.800000000000004,106.39999999999999,0.557,0,3.8000000000000003,0.5,57,102.60000000000001,0.558,0.561,30.400000000000002,41.800000000000004,0.744,57,49.4,106.39999999999999,19,7.6000000000000005,7.6000000000000005,15.200000000000001,60.800000000000004,152,NA
449,Tony Bradley,28,ATL,C,3,1,33.900000000000006,5.1,11.100000000000001,0.455,0.8999999999999999,2.0999999999999996,0.5,3.9000000000000004,9,0.444,0.5,0,0,NA,3.9000000000000004,5.1,9,2.0999999999999996,0,0,0.8999999999999999,2.0999999999999996,11.100000000000001,NA
450,Jaylen Clark,24,MIN,SG,68,1,890.8,102,231.2,0.434,34,102,0.327,68,129.2,0.52,0.507,40.8,68,0.657,54.400000000000006,68,122.4,40.8,47.599999999999994,6.800000000000001,20.4,88.4,272,NA
451,Brandon Clarke,29,MEM,PF,2,2,20,3,9,0.333,0,0,NA,3,9,0.333,0.333,2,4,0.5,4,2,6,1,2,0,0,5,8,NA
452,Riley Minix,25,2TM,SF,9,0,57.6,14.4,23.400000000000002,0.609,3.6,11.700000000000001,0.333,9.9,10.799999999999999,0.909,0.696,2.6999999999999997,2.6999999999999997,1,1.8,3.6,6.3,5.3999999999999995,1.8,0.9,2.6999999999999997,5.3999999999999995,35.1,NA
452,Riley Minix,25,SAS,SF,3,0,8.100000000000001,3.9000000000000004,6,0.667,0.8999999999999999,3,0.333,3,3,1,0.75,0,0,NA,0.8999999999999999,0.8999999999999999,2.0999999999999996,0.8999999999999999,0.8999999999999999,0,0,0.8999999999999999,9,NA
452,Riley Minix,25,CLE,SF,6,0,49.800000000000004,10.2,16.799999999999997,0.588,3,9,0.333,7.199999999999999,7.800000000000001,0.875,0.676,3,3,1,1.2000000000000002,3,4.199999999999999,4.199999999999999,1.2000000000000002,1.2000000000000002,3,4.199999999999999,25.799999999999997,NA
453,Joan Beringer,19,MIN,PF,40,3,316,64,100,0.663,0,0,NA,64,100,0.663,0.663,28,36,0.703,44,48,92,12,8,28,12,48,156,NA
454,Hugo González,19,BOS,SF,74,3,1080.3999999999999,118.4,244.2,0.476,44.4,118.4,0.362,74,133.20000000000002,0.577,0.561,14.8,29.6,0.5,59.2,185,244.2,37,44.4,22.2,37,125.8,288.59999999999997,NA
455,Caleb Martin,30,DAL,SF,58,12,858.4000000000001,87,191.39999999999998,0.45,17.4,58,0.351,63.800000000000004,133.39999999999998,0.492,0.503,34.8,63.800000000000004,0.607,29,116,145,81.19999999999999,40.599999999999994,17.4,40.599999999999994,87,226.2,NA
456,Koby Brea,23,PHO,SG,12,0,84,15.600000000000001,36,0.417,13.200000000000001,30,0.433,2.4000000000000004,6,0.333,0.597,2.4000000000000004,2.4000000000000004,1,1.2000000000000002,7.199999999999999,8.399999999999999,9.600000000000001,1.2000000000000002,0,3.5999999999999996,6,45.599999999999994,NA
457,Clint Capela,31,HOU,C,75,3,922.5,120,225,0.52,0,0,0.5,120,225,0.52,0.522,45,75,0.577,157.5,187.5,345,52.5,37.5,60,37.5,75,285,NA
458,Noah Penda,21,ORL,SF,59,2,755.2,82.6,200.6,0.404,29.5,94.4,0.323,53.1,112.1,0.473,0.478,35.4,47.2,0.688,64.9,118,188.8,70.8,29.5,17.7,41.3,70.8,224.2,NA
459,Omer Yurtseven,27,GSW,C,9,0,104.39999999999999,10.799999999999999,26.099999999999998,0.423,0,3.6,0,10.799999999999999,21.599999999999998,0.5,0.423,11.700000000000001,18,0.667,12.6,17.099999999999998,29.7,8.1,1.8,0.9,9,15.299999999999999,34.199999999999996,NA
460,Patrick Baldwin Jr.,23,3TM,SF,9,1,101.7,10.799999999999999,27,0.407,6.3,14.4,0.429,5.3999999999999995,12.6,0.385,0.519,5.3999999999999995,7.2,0.714,11.700000000000001,10.799999999999999,23.400000000000002,5.3999999999999995,2.6999999999999997,5.3999999999999995,5.3999999999999995,15.299999999999999,33.300000000000004,NA
460,Patrick Baldwin Jr.,23,LAC,SF,2,0,12,3,4,0.75,2,3,0.667,1,1,1,1,2,2,1,0,1,1,0,0,0,1,2,10,NA
460,Patrick Baldwin Jr.,23,PHI,SF,1,0,2,0,0,NA,0,0,NA,0,0,NA,NA,0,0,NA,0,1,1,0,0,0,0,0,0,NA
460,Patrick Baldwin Jr.,23,SAC,SF,6,1,88.19999999999999,7.800000000000001,22.799999999999997,0.348,4.199999999999999,10.8,0.364,4.199999999999999,12,0.333,0.435,3,4.800000000000001,0.6,12,9,21,4.800000000000001,3,4.800000000000001,4.199999999999999,13.200000000000001,22.799999999999997,NA
461,Dalen Terry,23,2TM,SG,48,0,552,67.19999999999999,153.60000000000002,0.439,24,67.19999999999999,0.364,43.2,91.19999999999999,0.494,0.516,14.399999999999999,28.799999999999997,0.533,24,62.400000000000006,86.4,67.19999999999999,28.799999999999997,14.399999999999999,24,48,177.60000000000002,NA
461,Dalen Terry,23,CHI,SG,34,0,377.4,44.2,102,0.441,20.4,47.599999999999994,0.413,27.200000000000003,54.400000000000006,0.464,0.534,10.2,17,0.529,20.4,44.2,64.6,44.2,20.4,10.2,20.4,34,119,NA
461,Dalen Terry,23,PHI,SG,14,0,173.6,22.400000000000002,53.199999999999996,0.434,5.6000000000000005,19.599999999999998,0.25,18.2,33.6,0.545,0.481,7,12.6,0.538,7,15.400000000000002,22.400000000000002,22.400000000000002,7,4.2,5.6000000000000005,15.400000000000002,57.39999999999999,NA
462,DaRon Holmes,23,DEN,PF,25,6,210,30,60,0.508,20,45,0.444,10,15,0.688,0.672,10,15,0.786,7.5,27.500000000000004,35,15,0,5,12.5,20,92.5,NA
463,Larry Nance Jr.,33,CLE,PF,35,3,448,52.5,122.5,0.419,21,63,0.333,31.5,59.5,0.508,0.504,7,14,0.462,28,63,94.5,35,21,7,21,56,129.5,NA
464,Zeke Nnaji,25,DEN,PF,52,4,624,72.8,150.79999999999998,0.47,15.6,52,0.259,57.2,98.8,0.588,0.517,36.4,41.6,0.773,31.2,104,135.20000000000002,31.2,15.6,26,26,72.8,192.4,NA
465,Tolu Smith,25,DET,PF,15,0,136.5,18,36,0.5,0,0,NA,18,36,0.5,0.5,19.5,30,0.667,22.5,27,49.5,13.5,1.5,6,7.5,22.5,55.5,NA
466,Jeremy Sochan,22,2TM,PF,44,0,470.79999999999995,66,127.6,0.496,13.2,44,0.244,52.8,83.6,0.631,0.539,17.6,26.4,0.731,35.2,70.4,105.6,39.6,17.6,8.8,22,61.599999999999994,158.4,NA
466,Jeremy Sochan,22,SAS,PF,28,0,358.40000000000003,47.6,98,0.475,8.4,36.4,0.257,39.199999999999996,64.39999999999999,0.594,0.52,11.200000000000001,16.8,0.688,25.2,47.6,72.8,28,11.200000000000001,5.6000000000000005,16.8,50.4,114.79999999999998,NA
466,Jeremy Sochan,22,NYK,PF,16,0,110.4,17.6,30.4,0.567,1.6,9.6,0.2,14.4,20.8,0.75,0.6,8,9.6,0.8,11.2,22.4,33.6,12.8,6.4,1.6,3.2,12.8,44.8,NA
467,Mohamed Diawara,20,NYK,SF,69,7,634.8,89.7,213.9,0.423,48.3,131.1,0.369,41.4,82.8,0.506,0.535,20.7,20.7,0.75,13.8,75.9,96.6,55.2,13.8,6.9,27.6,48.3,248.4,NA
468,Myron Gardner,24,MIA,SF,45,7,409.5,58.5,121.50000000000001,0.48,27,62.99999999999999,0.406,31.499999999999996,58.5,0.559,0.585,18,27,0.731,40.5,81,121.50000000000001,45,18,9,18,76.5,162,NA
469,Olivier Sarr,26,CLE,C,4,0,39.2,5.2,7.2,0.714,2,3.2,0.667,3.2,4,0.75,0.857,2,5.2,0.4,2,9.2,11.2,5.2,2,3.2,2,9.2,14,NA
470,Keaton Wallace,26,ATL,PG,53,3,535.3,68.9,169.60000000000002,0.398,37.099999999999994,100.69999999999999,0.373,31.799999999999997,68.9,0.435,0.509,10.600000000000001,15.899999999999999,0.667,5.300000000000001,53,58.300000000000004,95.4,26.5,5.300000000000001,26.5,47.7,185.5,NA
471,Trayce Jackson-Davis,25,2TM,C,53,1,498.20000000000005,68.9,121.89999999999999,0.573,0,0,1,68.9,121.89999999999999,0.569,0.577,37.099999999999994,74.19999999999999,0.514,63.599999999999994,79.5,143.10000000000002,37.099999999999994,15.899999999999999,26.5,21.200000000000003,42.400000000000006,180.2,NA
471,Trayce Jackson-Davis,25,GSW,C,36,1,410.40000000000003,61.199999999999996,100.8,0.588,0,0,1,57.6,100.8,0.584,0.593,28.8,50.4,0.558,46.800000000000004,64.8,111.60000000000001,32.4,14.4,18,18,39.6,151.20000000000002,NA
471,Trayce Jackson-Davis,25,TOR,C,17,0,85,10.2,22.1,0.5,0,0,NA,10.2,22.1,0.5,0.5,8.5,22.1,0.409,18.700000000000003,13.600000000000001,32.3,6.800000000000001,3.4000000000000004,5.1,3.4000000000000004,5.1,30.6,NA
472,Taj Gibson,40,MEM,C,10,1,97,12,26,0.462,3,6,0.5,9,20,0.45,0.519,7,8,0.875,11,16,27,6,2,1,1,14,34,NA
473,Yuki Kawamura,24,CHI,PG,18,0,208.79999999999998,16.2,52.199999999999996,0.327,10.799999999999999,37.800000000000004,0.297,5.3999999999999995,14.4,0.4,0.433,16.2,19.8,0.895,7.2,25.2,32.4,46.800000000000004,9,0,14.4,14.4,61.199999999999996,NA
474,Drew Timme,25,LAL,PF,27,1,234.89999999999998,37.8,64.8,0.576,10.8,24.3,0.44,27,40.5,0.659,0.659,5.4,8.1,0.556,10.8,24.3,32.4,24.3,5.4,0,13.5,18.9,91.8,NA
475,AJ Johnson,21,2TM,SG,48,0,456,57.599999999999994,177.60000000000002,0.324,14.399999999999999,57.599999999999994,0.211,43.2,120,0.378,0.358,33.599999999999994,38.400000000000006,0.85,14.399999999999999,43.2,52.800000000000004,48,9.600000000000001,4.800000000000001,28.799999999999997,28.799999999999997,158.39999999999998,NA
475,AJ Johnson,21,WAS,SG,25,0,215,27.500000000000004,82.5,0.325,7.5,25,0.28,20,57.49999999999999,0.345,0.367,10,12.5,0.75,7.5,22.5,30,22.5,7.5,0,17.5,15,70,NA
475,AJ Johnson,21,DAL,SG,23,0,239.20000000000002,29.900000000000002,92,0.323,4.6000000000000005,32.199999999999996,0.156,25.3,62.1,0.41,0.349,25.3,27.599999999999998,0.893,6.8999999999999995,18.400000000000002,23,25.3,4.6000000000000005,2.3000000000000003,11.5,16.099999999999998,89.7,NA
476,Dorian Finney-Smith,32,HOU,PF,37,1,621.6,44.4,133.20000000000002,0.333,25.9,99.9,0.27,18.5,33.300000000000004,0.531,0.436,7.4,7.4,0.889,33.300000000000004,59.2,92.5,37,14.8,7.4,22.2,59.2,122.1,NA
477,Enrique Freeman,25,MIN,PF,4,0,37.2,4,8,0.5,2,4,0.5,2,4,0.5,0.625,3.2,4,0.75,2,8,10,2,2,3.2,2,5.2,13.2,NA
478,Malevy Leons,26,GSW,SF,25,2,275,32.5,72.5,0.444,5,15,0.25,27.500000000000004,55.00000000000001,0.5,0.472,15,20,0.789,30,22.5,52.5,22.5,15,10,12.5,30,82.5,NA
479,Dwight Powell,34,DAL,C,63,12,900.9000000000001,63,100.80000000000001,0.644,0,6.300000000000001,0.286,63,94.5,0.67,0.653,75.6,113.4,0.696,94.5,163.8,258.29999999999995,69.30000000000001,31.5,18.9,44.099999999999994,132.3,207.89999999999998,NA
480,Isaiah Stevens,25,SAC,PG,3,0,42.900000000000006,3,6.8999999999999995,0.429,0,0.8999999999999999,0,3,6,0.5,0.429,3.9000000000000004,3.9000000000000004,1,2.0999999999999996,0.8999999999999999,3,9.899999999999999,5.1,0,2.0999999999999996,2.0999999999999996,9.899999999999999,NA
481,James Wiseman,24,IND,C,4,1,58,6,10,0.6,0,0,NA,6,10,0.6,0.6,1.2,2,0.5,5.2,3.2,8,3.2,0,1.2,5.2,10,13.2,NA
482,Amir Coffey,28,2TM,SG,46,3,492.2,55.199999999999996,115,0.487,18.400000000000002,50.6,0.347,36.800000000000004,64.39999999999999,0.594,0.562,23,27.599999999999998,0.786,18.400000000000002,36.800000000000004,55.199999999999996,27.599999999999998,9.200000000000001,4.6000000000000005,9.200000000000001,32.199999999999996,147.20000000000002,NA
482,Amir Coffey,28,MIL,SG,30,2,264,27,54,0.473,6,24,0.28,18,30,0.633,0.536,12,15,0.867,6,21,27,12,3,3,3,15,72,NA
482,Amir Coffey,28,PHO,SG,16,1,225.6,28.8,57.6,0.5,9.6,24,0.417,19.2,33.6,0.559,0.586,9.6,12.8,0.692,12.8,17.6,30.4,16,6.4,1.6,4.8,16,76.8,NA
483,Alex Antetokounmpo,24,MIL,SF,6,0,21,3,7.800000000000001,0.375,1.7999999999999998,7.199999999999999,0.286,1.2000000000000002,1.2000000000000002,1,0.5,10.8,15,0.733,1.7999999999999998,4.199999999999999,6,1.2000000000000002,0,1.2000000000000002,1.2000000000000002,1.2000000000000002,19.200000000000003,NA
484,Kelly Olynyk,34,SAS,C,42,0,361.2,46.2,96.6,0.49,12.6,46.2,0.255,33.6,50.4,0.714,0.552,25.2,37.800000000000004,0.711,25.2,50.4,75.60000000000001,50.4,16.8,4.2,25.2,37.800000000000004,134.4,NA
485,Jamison Battle,24,TOR,SF,61,2,518.5,73.2,146.4,0.51,36.6,85.39999999999999,0.412,36.6,61,0.65,0.631,6.1000000000000005,12.200000000000001,0.643,18.3,67.10000000000001,91.5,24.400000000000002,6.1000000000000005,0,18.3,42.699999999999996,189.1,NA
486,Miles Kelly,23,DAL,PG,14,0,134.4,15.400000000000002,43.4,0.364,9.799999999999999,33.6,0.303,5.6000000000000005,11.200000000000001,0.545,0.477,1.4000000000000001,1.4000000000000001,1,5.6000000000000005,19.599999999999998,23.8,12.6,4.2,1.4000000000000001,5.6000000000000005,12.6,43.4,NA
487,Mark Sears,23,MIL,PG,7,0,25.900000000000002,6.3,13.299999999999999,0.462,4.2,7.700000000000001,0.5,2.1,4.8999999999999995,0.4,0.615,6.3,7.700000000000001,0.75,0.7000000000000001,0.7000000000000001,2.1,2.1,0,0,4.2,4.2,21.7,NA
488,Tyus Jones,29,3TM,PG,67,12,978.1999999999999,73.7,221.1,0.349,40.199999999999996,134,0.292,33.5,80.39999999999999,0.444,0.44,6.7,6.7,0.778,13.4,67,73.7,160.79999999999998,40.199999999999996,0,26.8,33.5,201,NA
488,Tyus Jones,29,ORL,PG,48,8,753.5999999999999,52.800000000000004,158.39999999999998,0.342,28.799999999999997,100.80000000000001,0.294,24,57.599999999999994,0.429,0.437,4.800000000000001,4.800000000000001,1,9.600000000000001,43.2,52.800000000000004,115.19999999999999,33.599999999999994,4.800000000000001,14.399999999999999,24,144,NA
488,Tyus Jones,29,DAL,PG,8,2,132.8,12.8,34.4,0.382,4,19.2,0.211,8.8,15.2,0.6,0.441,0.8,2.4,0.5,0.8,8,8.8,30.4,3.2,0,4.8,4.8,31.2,NA
488,Tyus Jones,29,DEN,PG,11,2,92.4,8.8,26.4,0.346,5.5,16.5,0.375,3.3,9.9,0.3,0.462,0,1.1,0,2.2,12.100000000000001,14.3,13.2,1.1,0,5.5,1.1,24.200000000000003,NA
489,CJ Huntley,24,PHO,SF,4,0,40,6,11.2,0.545,0,3.2,0,6,8,0.75,0.545,0,0,NA,2,3.2,5.2,2,1.2,0,0,2,12,NA
490,Chris Livingston,22,CLE,SF,3,0,17.1,3.9000000000000004,6.8999999999999995,0.571,0,3,0,3.9000000000000004,3.9000000000000004,1,0.571,0.8999999999999999,0.8999999999999999,1,0,3,3,0.8999999999999999,0.8999999999999999,0,0,3.9000000000000004,9,NA
491,Khaman Maluach,19,PHO,C,46,1,409.40000000000003,55.199999999999996,105.8,0.533,4.6000000000000005,23,0.238,50.6,82.8,0.607,0.557,23,32.199999999999996,0.71,50.6,82.8,133.4,4.6000000000000005,4.6000000000000005,32.199999999999996,23,41.4,138,NA
492,Emanuel Miller,25,CHI,PF,5,0,33,6,13,0.462,2,6,0.333,4,7,0.571,0.538,1,2,0.5,1,2,3,4,2,0,0,2,15,NA
493,Monte Morris,30,IND,PG,6,0,64.80000000000001,7.199999999999999,19.799999999999997,0.35,1.7999999999999998,7.800000000000001,0.25,4.800000000000001,12,0.417,0.4,1.7999999999999998,4.199999999999999,0.5,1.2000000000000002,6,7.199999999999999,9,1.2000000000000002,1.2000000000000002,1.7999999999999998,3,18,NA
494,Julian Phillips,22,2TM,SF,48,2,427.20000000000005,52.800000000000004,120,0.421,19.200000000000003,67.19999999999999,0.308,28.799999999999997,57.599999999999994,0.554,0.504,19.200000000000003,24,0.783,24,24,48,9.600000000000001,24,4.800000000000001,9.600000000000001,43.2,139.2,NA
494,Julian Phillips,22,CHI,SF,35,2,332.5,38.5,87.5,0.42,17.5,49,0.327,21,38.5,0.538,0.511,10.5,10.5,0.818,21,21,45.5,7,17.5,7,7,31.5,98,NA
494,Julian Phillips,22,MIN,SF,13,0,93.60000000000001,14.3,32.5,0.424,3.9,15.6,0.25,10.4,16.900000000000002,0.588,0.485,9.1,11.700000000000001,0.75,1.3,3.9,5.2,2.6,5.2,1.3,3.9,10.4,41.6,NA
495,Kobe Bufkin,22,LAL,SG,16,1,118.4,14.4,49.6,0.3,4.8,25.6,0.192,9.6,24,0.417,0.35,11.2,12.8,0.917,1.6,12.8,12.8,9.6,1.6,3.2,4.8,9.6,46.4,NA
496,Bronny James,21,LAL,SG,42,1,373.8,46.2,113.4,0.409,21,58.8,0.386,25.2,58.8,0.431,0.504,4.2,8.4,0.857,4.2,16.8,21,50.4,21,4.2,25.2,29.4,121.8,NA
497,Curtis Jones,24,DEN,SG,10,0,88,11,27,0.407,6,18,0.333,5,9,0.556,0.519,1,2,0.5,2,9,11,10,4,0,2,6,29,NA
498,David Jones García,24,SAS,SF,11,0,68.2,13.2,25.299999999999997,0.52,3.3,5.5,0.6,9.9,19.8,0.5,0.58,3.3,5.5,0.5,4.4,8.8,13.2,17.6,5.5,1.1,5.5,5.5,31.9,NA
499,Chris Paul,40,LAC,PG,16,0,228.8,17.6,56,0.321,9.6,30.4,0.333,8,25.6,0.308,0.411,1.6,1.6,0.5,6.4,22.4,28.8,52.8,11.2,0,16,22.4,46.4,NA
500,Duop Reath,29,POR,C,32,0,259.2,32,73.6,0.446,22.4,54.4,0.418,9.6,19.2,0.526,0.601,6.4,6.4,0.833,9.6,28.8,38.4,9.6,6.4,9.6,6.4,28.8,92.8,NA
501,Cam Christie,20,LAC,SG,55,0,478.49999999999994,55,137.5,0.381,11,49.5,0.245,38.5,88,0.456,0.424,38.5,49.5,0.76,16.5,60.50000000000001,77,33,16.5,5.5,22,16.5,154,NA
502,Kevon Looney,29,NOP,C,21,8,308.7,25.2,60.9,0.417,2.1,12.6,0.154,23.1,46.2,0.489,0.433,6.3,10.5,0.7,48.3,69.3,117.6,33.6,8.4,10.5,8.4,33.6,58.8,NA
503,Norchad Omier,24,LAC,PF,6,0,24,7.199999999999999,10.2,0.7,0,1.2000000000000002,0,7.199999999999999,9,0.778,0.7,3,3,1,4.199999999999999,3,7.199999999999999,1.7999999999999998,1.2000000000000002,0,0,4.199999999999999,16.799999999999997,NA
504,Jae'Sean Tate,30,HOU,SF,46,1,404.8,55.199999999999996,110.39999999999999,0.514,9.200000000000001,32.199999999999996,0.313,46,78.2,0.597,0.56,9.200000000000001,9.200000000000001,0.636,32.199999999999996,41.4,73.60000000000001,23,9.200000000000001,4.6000000000000005,13.799999999999999,46,128.79999999999998,NA
505,Rocco Zikarsky,19,MIN,C,5,0,36,5,8,0.625,0,0,NA,5,8,0.625,0.625,4,4,1,2,12,14,2,0,5,1,3,14,NA
506,Christian Koloko,25,3TM,C,27,4,356.4,29.700000000000003,72.9,0.419,0,8.1,0.111,29.700000000000003,64.8,0.462,0.426,10.8,16.2,0.667,29.700000000000003,51.3,81,18.9,13.5,24.3,16.2,48.6,72.9,NA
506,Christian Koloko,25,LAL,C,2,0,6,0,0,NA,0,0,NA,0,0,NA,NA,0,0,NA,0,1,1,0,0,0,0,1,0,NA
506,Christian Koloko,25,MEM,C,11,2,194.7,14.3,35.2,0.4,0,1.1,0,14.3,34.1,0.412,0.4,1.1,4.4,0.25,18.7,25.299999999999997,44,9.9,9.9,13.2,6.6,19.8,28.6,NA
506,Christian Koloko,25,ATL,C,14,2,155.4,16.8,39.199999999999996,0.436,1.4000000000000001,8.4,0.125,15.400000000000002,30.800000000000004,0.516,0.449,8.4,11.200000000000001,0.818,12.6,23.8,36.4,8.4,4.2,9.799999999999999,8.4,26.599999999999998,43.4,NA
507,Gary Harris,31,MIL,SG,48,2,662.4000000000001,48,105.60000000000001,0.442,28.799999999999997,67.19999999999999,0.412,19.200000000000003,38.400000000000006,0.5,0.577,9.600000000000001,9.600000000000001,0.889,14.399999999999999,43.2,62.400000000000006,52.800000000000004,28.799999999999997,9.600000000000001,19.200000000000003,52.800000000000004,129.60000000000002,NA
508,Antonio Reeves,25,CHO,SG,10,0,68,10,20,0.5,7,13,0.538,3,7,0.429,0.675,0,0,NA,2,6,8,3,1,0,1,3,27,NA
509,Pat Connaughton,33,CHO,SG,42,0,298.2,37.800000000000004,84,0.447,21,50.4,0.404,16.8,33.6,0.515,0.571,12.6,21,0.65,16.8,46.2,63,16.8,12.6,0,12.6,8.4,109.2,NA
510,Jonathan Isaac,28,ORL,PF,52,0,520,46.800000000000004,109.2,0.422,5.2,36.4,0.184,41.6,72.8,0.549,0.454,36.4,57.2,0.603,41.6,88.39999999999999,130,20.8,20.8,31.2,15.6,41.6,135.20000000000002,NA
511,Mo Bamba,27,2TM,C,4,0,44,5.2,11.2,0.455,0,0,NA,5.2,11.2,0.455,0.455,0,0,NA,10,12,22,1.2,0,3.2,2,6,10,NA
511,Mo Bamba,27,TOR,C,2,0,6,0,2,0,0,0,NA,0,2,0,0,0,0,NA,1,1,2,0,0,1,0,2,0,NA
511,Mo Bamba,27,UTA,C,2,0,38,5,9,0.556,0,0,NA,5,9,0.556,0.556,0,0,NA,9,11,20,1,0,2,2,4,10,NA
512,JD Davison,23,HOU,PG,28,0,218.4,25.2,64.39999999999999,0.375,8.4,30.800000000000004,0.25,16.8,30.800000000000004,0.5,0.438,14,19.599999999999998,0.684,2.8000000000000003,30.800000000000004,33.6,36.4,5.6000000000000005,5.6000000000000005,8.4,16.8,70,NA
513,John Tonje,24,BOS,SG,6,0,42,4.199999999999999,13.799999999999999,0.286,3,10.2,0.3,1.2000000000000002,4.199999999999999,0.25,0.393,4.199999999999999,4.199999999999999,1,0,6,6,1.7999999999999998,1.7999999999999998,0,0,4.800000000000001,15,NA
514,Hunter Dickinson,25,NOP,C,5,0,42,5,14,0.357,0,4,0,5,10,0.5,0.357,2,2,1,2,3,5,2,1,2,3,6,12,NA
515,Andre Jackson Jr.,24,MIL,SG,48,1,408,38.400000000000006,120,0.328,14.399999999999999,62.400000000000006,0.25,24,57.599999999999994,0.407,0.391,19.200000000000003,33.599999999999994,0.625,24,48,72,43.2,19.200000000000003,4.800000000000001,28.799999999999997,43.2,115.19999999999999,NA
516,Chaz Lanier,24,DET,SG,34,0,261.8,27.200000000000003,88.4,0.315,20.4,68,0.284,10.2,20.4,0.409,0.421,3.4000000000000004,6.800000000000001,0.833,6.800000000000001,13.600000000000001,23.799999999999997,17,6.800000000000001,0,3.4000000000000004,13.600000000000001,81.6,NA
517,Kevin McCullar Jr.,24,NYK,SF,21,0,155.4,21,46.2,0.426,8.4,23.1,0.333,12.6,23.1,0.522,0.511,2.1,4.2,0.4,10.5,16.8,27.3,21,8.4,0,12.6,21,50.4,NA
518,Lachlan Olbrich,22,CHI,C,37,2,344.1,37,77.7,0.468,3.7,18.5,0.105,33.300000000000004,59.2,0.586,0.481,14.8,40.7,0.375,44.4,66.60000000000001,111,40.7,11.1,7.4,14.8,48.1,88.8,NA
519,Lindy Waters III,28,SAS,SG,40,0,284,32,88,0.375,28,80,0.342,8,8,0.667,0.528,4,4,0.667,4,28,28,20,8,0,8,24,96,NA
520,Chris Boucher,33,BOS,PF,9,0,93.60000000000001,8.1,25.2,0.32,1.8,15.299999999999999,0.133,6.3,9.9,0.6,0.36,2.6999999999999997,3.6,0.75,1.8,16.2,18,2.6999999999999997,5.3999999999999995,7.2,0.9,17.099999999999998,20.7,NA
521,Caleb Houstan,23,ATL,SF,18,0,75.60000000000001,14.4,25.2,0.538,10.799999999999999,21.599999999999998,0.524,3.6,5.3999999999999995,0.6,0.75,3.6,3.6,1,5.3999999999999995,5.3999999999999995,10.799999999999999,3.6,1.8,1.8,3.6,10.799999999999999,41.4,NA
522,Luke Travers,24,CLE,SG,12,0,103.19999999999999,9.600000000000001,36,0.25,1.2000000000000002,15.600000000000001,0.063,8.399999999999999,20.4,0.4,0.264,9.600000000000001,9.600000000000001,1,9.600000000000001,15.600000000000001,24,9.600000000000001,7.199999999999999,3.5999999999999996,3.5999999999999996,6,27.599999999999998,NA
523,Jeff Green,39,HOU,PF,30,0,174,24,69,0.368,12,45,0.273,12,24,0.542,0.456,6,6,1,6,18,24,9,3,3,3,12,66,NA
524,Yang Hansen,20,POR,C,43,1,301,30.099999999999998,98.89999999999999,0.31,4.3,43,0.119,25.8,55.9,0.448,0.335,30.099999999999998,34.4,0.824,21.5,47.300000000000004,64.5,21.5,4.3,8.6,30.099999999999998,43,94.60000000000001,NA
525,Ariel Hukporti,23,NYK,C,54,5,496.79999999999995,43.2,81,0.563,0,5.4,0.25,43.2,75.6,0.579,0.569,27,32.4,0.788,54,102.6,156.6,27,10.8,27,32.4,64.8,118.80000000000001,NA
526,Alijah Martin,24,TOR,SG,23,0,144.9,16.099999999999998,50.6,0.32,4.6000000000000005,20.7,0.19,11.5,29.900000000000002,0.414,0.36,16.099999999999998,18.400000000000002,0.789,9.200000000000001,11.5,20.7,11.5,6.8999999999999995,4.6000000000000005,6.8999999999999995,11.5,50.6,NA
527,Hunter Tyson,25,DEN,PF,21,2,161.70000000000002,14.7,52.5,0.269,6.3,33.6,0.212,6.3,18.900000000000002,0.368,0.337,10.5,12.6,0.846,4.2,31.5,35.699999999999996,16.8,2.1,0,4.2,12.6,46.2,NA
528,Chris Youngblood,23,2TM,SG,34,0,183.60000000000002,20.4,64.6,0.349,17,54.400000000000006,0.333,3.4000000000000004,10.2,0.444,0.492,10.2,10.2,0.9,6.800000000000001,20.4,27.200000000000003,13.600000000000001,3.4000000000000004,3.4000000000000004,3.4000000000000004,20.4,71.4,NA
528,Chris Youngblood,23,OKC,SG,32,0,172.8,19.2,60.8,0.333,16,51.2,0.314,3.2,9.6,0.444,0.467,9.6,9.6,0.9,6.4,22.4,28.8,9.6,3.2,3.2,3.2,19.2,64,NA
528,Chris Youngblood,23,POR,SG,2,0,11,2,3,0.667,2,3,0.667,0,0,NA,1,0,0,NA,0,0,0,1,0,0,0,2,6,NA
529,Dalano Banton,26,2TM,PG,6,0,61.800000000000004,4.199999999999999,12,0.333,0,1.2000000000000002,0,4.199999999999999,10.8,0.364,0.333,4.199999999999999,4.199999999999999,1,1.7999999999999998,3,4.800000000000001,10.8,1.7999999999999998,4.800000000000001,7.800000000000001,3,12,NA
529,Dalano Banton,26,LAC,PG,2,0,10,3,4,0.75,0,0,NA,3,4,0.75,0.75,0,0,NA,1,0,1,2,1,0,1,0,6,NA
529,Dalano Banton,26,BOS,PG,4,0,52,1.2,8,0.125,0,1.2,0,1.2,7.2,0.143,0.125,4,4,1,1.2,3.2,4,9.2,1.2,5.2,7.2,3.2,6,NA
530,Isaiah Crawford,24,HOU,SF,14,0,92.39999999999999,9.799999999999999,23.8,0.417,2.8000000000000003,12.6,0.231,7,11.200000000000001,0.636,0.479,5.6000000000000005,5.6000000000000005,0.833,2.8000000000000003,12.6,15.400000000000002,5.6000000000000005,1.4000000000000001,2.8000000000000003,4.2,4.2,28,NA
531,Trentyn Flowers,20,CHI,SF,2,0,6,2,3,0.667,0,1,0,2,2,1,0.667,0,0,NA,1,0,1,1,0,0,1,1,4,NA
532,Colby Jones,23,DET,SG,1,0,7,1,3,0.333,0,2,0,1,1,1,0.333,0,0,NA,0,4,4,2,0,0,0,1,2,NA
533,Johnny Juzang,24,MIN,SG,21,0,88.2,16.8,37.800000000000004,0.421,6.3,23.1,0.25,10.5,14.7,0.714,0.5,4.2,8.4,0.625,4.2,12.6,16.8,6.3,2.1,0,4.2,2.1,42,NA
534,Jayson Kent,23,POR,SF,5,0,22,4,7,0.571,1,4,0.25,3,3,1,0.643,1,1,1,0,5,5,0,1,1,0,1,10,NA
535,Maxi Kleber,34,LAL,PF,43,1,460.09999999999997,34.4,73.1,0.452,4.3,25.8,0.231,25.8,47.300000000000004,0.574,0.493,12.9,25.8,0.538,34.4,47.300000000000004,86,25.8,17.2,12.9,17.2,60.199999999999996,86,NA
536,Jordan McLaughlin,29,SAS,PG,44,0,281.6,35.2,79.2,0.418,17.6,39.6,0.425,17.6,39.6,0.41,0.525,4.4,8.8,0.857,8.8,26.4,30.799999999999997,39.6,22,0,13.2,13.2,88,NA
537,Alex Morales,28,ORL,PG,4,0,24,3.2,7.2,0.429,0,1.2,0,3.2,6,0.5,0.429,2,2,1,1.2,2,3.2,4,0,0,4,7.2,8,NA
538,Sean Pedulla,23,LAC,PG,7,0,30.800000000000004,4.8999999999999995,14.700000000000001,0.333,2.8000000000000003,9.799999999999999,0.3,2.1,4.8999999999999995,0.4,0.433,0,0,NA,0,2.8000000000000003,2.8000000000000003,4.8999999999999995,0,0,0.7000000000000001,4.2,13.299999999999999,NA
539,Adou Thiero,21,LAL,SF,25,0,150,15,30,0.516,0,2.5,0.333,15,27.500000000000004,0.536,0.532,15,22.5,0.636,10,20,27.500000000000004,10,7.5,2.5,10,20,47.5,NA
540,Bobi Klintman,22,DET,SF,12,0,70.80000000000001,9.600000000000001,27.599999999999998,0.333,3.5999999999999996,13.200000000000001,0.308,4.800000000000001,14.399999999999999,0.357,0.407,0,3.5999999999999996,0,4.800000000000001,14.399999999999999,19.200000000000003,6,3.5999999999999996,0,6,10.8,21.6,NA
541,Isaiah Livers,27,PHO,PF,36,0,345.59999999999997,21.599999999999998,64.8,0.344,10.799999999999999,39.6,0.3,10.799999999999999,25.2,0.417,0.438,10.799999999999999,10.799999999999999,0.75,18,43.199999999999996,61.199999999999996,21.599999999999998,14.4,7.2,10.799999999999999,28.8,64.8,NA
542,Cody Martin,30,IND,SF,4,0,55.2,2,10,0.2,0,5.2,0,2,5.2,0.4,0.2,3.2,6,0.5,1.2,13.2,14,2,4,2,4,5.2,7.2,NA
543,Orlando Robinson,25,ORL,C,4,1,25.2,3.2,5.2,0.6,1.2,2,0.5,2,3.2,0.667,0.7,0,0,NA,2,2,4,3.2,1.2,0,0,3.2,7.2,NA
544,Jahmir Young,25,MIA,PG,14,0,57.39999999999999,9.799999999999999,25.2,0.4,2.8000000000000003,8.4,0.333,7,15.400000000000002,0.438,0.46,1.4000000000000001,1.4000000000000001,1,1.4000000000000001,1.4000000000000001,4.2,8.4,1.4000000000000001,0,2.8000000000000003,7,25.2,NA
545,Brooks Barnhizer,23,OKC,SG,40,0,348,28,72,0.38,8,24,0.292,20,48,0.426,0.43,8,12,0.7,20,60,80,24,12,4,12,28,68,NA
546,Pacôme Dadiet,20,NYK,SG,29,0,136.3,17.4,49.3,0.333,5.800000000000001,31.900000000000002,0.219,8.7,17.4,0.563,0.406,8.7,11.600000000000001,0.818,2.9000000000000004,23.200000000000003,26.1,11.600000000000001,2.9000000000000004,0,2.9000000000000004,8.7,49.3,NA
547,Wendell Moore Jr.,24,DET,SG,6,0,60,4.199999999999999,7.199999999999999,0.571,0,1.2000000000000002,0,4.199999999999999,6,0.667,0.571,1.7999999999999998,1.7999999999999998,1,1.2000000000000002,4.800000000000001,6,4.199999999999999,1.7999999999999998,1.7999999999999998,1.2000000000000002,3,10.2,NA
548,Mason Plumlee,35,2TM,C,20,3,172,12,14,0.786,0,0,NA,12,14,0.786,0.786,10,14,0.643,18,36,54,20,10,0,12,18,32,NA
548,Mason Plumlee,35,CHO,C,14,2,124.60000000000001,8.4,12.6,0.75,0,0,NA,8.4,12.6,0.75,0.75,8.4,12.6,0.667,9.799999999999999,29.400000000000002,40.6,15.400000000000002,5.6000000000000005,0,8.4,9.799999999999999,26.599999999999998,NA
548,Mason Plumlee,35,SAS,C,6,1,46.8,1.7999999999999998,1.7999999999999998,1,0,0,NA,1.7999999999999998,1.7999999999999998,1,1,1.2000000000000002,1.7999999999999998,0.5,7.199999999999999,6,13.200000000000001,4.199999999999999,4.199999999999999,0,3,7.199999999999999,4.800000000000001,NA
549,Harrison Ingram,23,SAS,SF,7,0,25.900000000000002,4.8999999999999995,6.3,0.833,0.7000000000000001,0.7000000000000001,1,4.2,4.8999999999999995,0.8,0.917,0,0,NA,2.8000000000000003,0,2.8000000000000003,0.7000000000000001,0,0,0.7000000000000001,2.1,11.200000000000001,NA
550,Jacob Toppin,25,ATL,SF,5,0,17,4,6,0.667,0,0,NA,4,6,0.667,0.667,0,0,NA,0,1,1,1,0,1,0,1,8,NA
551,Xavier Tillman Sr.,27,2TM,C,30,1,183,21,45,0.435,3,18,0.167,18,27,0.607,0.467,0,3,0.25,18,24,42,12,9,6,9,15,45,NA
551,Xavier Tillman Sr.,27,BOS,C,14,1,110.60000000000001,14,30.800000000000004,0.452,2.8000000000000003,15.400000000000002,0.2,11.200000000000001,15.400000000000002,0.688,0.5,0,0,NA,9.799999999999999,15.400000000000002,25.2,5.6000000000000005,5.6000000000000005,1.4000000000000001,5.6000000000000005,8.4,30.800000000000004,NA
551,Xavier Tillman Sr.,27,CHO,C,16,0,72,6.4,14.4,0.4,0,3.2,0,6.4,12.8,0.5,0.4,1.6,4.8,0.25,9.6,9.6,17.6,8,3.2,3.2,3.2,6.4,12.8,NA
552,Buddy Boeheim,26,OKC,SF,4,0,15.2,2,6,0.333,2,6,0.333,0,0,NA,0.5,0,0,NA,0,0,0,0,0,0,0,1.2,6,NA
553,Joe Ingles,38,MIN,SF,27,2,153.9,16.2,27,0.593,8.1,16.2,0.438,8.1,10.8,0.818,0.722,2.7,2.7,1,0,18.9,18.9,35.1,8.1,2.7,13.5,8.1,40.5,NA
554,Jonathan Mogbo,24,TOR,PF,40,0,248,28,44,0.591,0,0,0,28,44,0.605,0.591,8,16,0.643,20,48,68,24,12,8,16,28,60,NA
555,Thanasis Antetokounmpo,33,MIL,SF,34,0,149.60000000000002,13.600000000000001,30.6,0.469,0,3.4000000000000004,0,13.600000000000001,27.200000000000003,0.536,0.469,17,30.6,0.567,13.600000000000001,17,30.6,13.600000000000001,13.600000000000001,6.800000000000001,10.2,17,47.599999999999994,NA
556,Amari Williams,24,BOS,PF,22,2,145.2,11,19.8,0.5,0,0,NA,11,19.8,0.5,0.5,11,13.2,0.714,8.8,30.799999999999997,39.6,11,2.2,11,11,19.8,30.799999999999997,NA
557,Isaac Jones,25,2TM,PF,7,1,35.699999999999996,2.8000000000000003,7,0.429,0,2.1,0,2.8000000000000003,4.8999999999999995,0.6,0.429,2.8000000000000003,4.2,0.75,2.1,2.8000000000000003,4.8999999999999995,0.7000000000000001,0,0.7000000000000001,0.7000000000000001,4.2,9.1,NA
557,Isaac Jones,25,SAC,PF,3,1,17.1,0.8999999999999999,2.0999999999999996,0.5,0,0.8999999999999999,0,0.8999999999999999,0.8999999999999999,1,0.5,0.8999999999999999,2.0999999999999996,0.5,2.0999999999999996,0,2.0999999999999996,0.8999999999999999,0,0,0,3.9000000000000004,3,NA
557,Isaac Jones,25,DET,PF,4,0,19.2,2,5.2,0.4,0,1.2,0,2,4,0.5,0.4,2,2,1,0,3.2,3.2,0,0,1.2,1.2,0,6,NA
558,Colin Castleton,25,ORL,C,4,0,21.2,2,5.2,0.4,0,0,NA,2,5.2,0.4,0.4,1.2,1.2,1,2,6,8,1.2,1.2,0,2,2,5.2,NA
559,Nigel Hayes-Davis,31,PHO,SF,27,0,194.4,16.2,45.9,0.326,2.7,16.2,0.125,13.5,29.700000000000003,0.433,0.348,2.7,2.7,0.5,10.8,21.6,32.4,8.1,8.1,2.7,8.1,16.2,35.1,NA
560,Dillon Jones,24,NYK,SF,7,0,39.199999999999996,2.1,9.1,0.222,0.7000000000000001,4.8999999999999995,0.2,0.7000000000000001,4.2,0.25,0.278,4.2,4.2,1,2.1,4.8999999999999995,7,4.2,2.8000000000000003,0,0,6.3,9.1,NA
561,TyTy Washington Jr.,24,LAC,PG,16,0,88,9.6,19.2,0.474,3.2,8,0.375,6.4,11.2,0.545,0.553,0,0,NA,1.6,4.8,6.4,17.6,6.4,3.2,3.2,6.4,20.8,NA
562,Javonte Cooke,26,POR,SG,19,0,93.10000000000001,9.5,41.800000000000004,0.22,3.8000000000000003,22.8,0.13,5.7,17.1,0.333,0.256,1.9000000000000001,1.9000000000000001,1,3.8000000000000003,15.200000000000001,19,7.6000000000000005,5.7,0,9.5,5.7,22.8,NA
563,Kyle Lowry,39,PHI,PG,14,0,117.60000000000001,4.2,25.2,0.16,4.2,25.2,0.16,0,0,NA,0.24,5.6000000000000005,5.6000000000000005,0.833,0,8.4,8.4,11.200000000000001,1.4000000000000001,1.4000000000000001,4.2,8.4,16.8,NA
564,Trey Jemison,26,NYK,C,13,0,81.89999999999999,6.5,10.4,0.6,0,0,NA,6.5,10.4,0.6,0.6,1.3,1.3,1,7.8,10.4,18.2,5.2,1.3,2.6,10.4,10.4,13,NA
565,Trevor Keels,22,MIA,SG,8,0,15.2,3.2,12,0.25,2.4,8.8,0.222,0.8,3.2,0.333,0.333,0,0,NA,0,2.4,2.4,0,0.8,0,0,0,8,NA
566,Hunter Sallis,22,PHI,SG,7,0,25.900000000000002,2.8000000000000003,4.8999999999999995,0.6,0,0,NA,2.8000000000000003,4.8999999999999995,0.6,0.6,0.7000000000000001,2.1,0.5,0,0.7000000000000001,0.7000000000000001,4.2,0,0.7000000000000001,4.8999999999999995,2.1,7,NA
567,Dario Šarić,31,SAC,C,5,0,41,1,6,0.167,1,3,0.333,0,3,0,0.25,2,2,1,1,5,6,2,0,0,2,3,5,NA
568,Stanley Umude,26,SAS,SG,2,0,7,1,2,0.5,0,1,0,1,1,1,0.5,0,0,NA,0,0,0,1,1,0,0,2,2,NA
569,Bismack Biyombo,33,SAS,C,25,1,140,10,15,0.6,0,0,NA,10,15,0.6,0.6,5,7.5,0.714,5,20,25,5,5,2.5,7.5,27.500000000000004,22.5,NA
570,Johni Broome,23,PHI,C,11,0,55,4.4,24.200000000000003,0.167,0,5.5,0,4.4,18.7,0.211,0.167,2.2,5.5,0.333,6.6,8.8,16.5,4.4,3.3,2.2,3.3,6.6,9.9,NA
571,N'Faly Dante,24,ATL,C,4,0,15.2,1.2,4,0.25,0,0,NA,1.2,4,0.25,0.25,1.2,1.2,1,3.2,4,7.2,0,2,0,1.2,1.2,3.2,NA
572,Markelle Fultz,27,TOR,PG,5,0,36,2,11,0.182,0,0,NA,2,11,0.182,0.182,0,0,NA,0,1,1,8,2,0,4,2,4,NA
573,Vladislav Goldin,24,MIA,C,9,0,24.3,2.6999999999999997,3.6,0.75,0,0,NA,2.6999999999999997,3.6,0.75,0.75,0.9,0.9,1,2.6999999999999997,6.3,9,2.6999999999999997,0,2.6999999999999997,2.6999999999999997,5.3999999999999995,7.2,NA
574,Chris Mañon,24,LAL,SG,9,0,45.9,1.8,6.3,0.333,0,2.6999999999999997,0,1.8,2.6999999999999997,0.667,0.333,2.6999999999999997,3.6,0.75,1.8,8.1,9.9,2.6999999999999997,5.3999999999999995,1.8,0.9,6.3,7.2,NA
575,Drew Peterson,26,CHO,PF,6,0,64.19999999999999,1.7999999999999998,16.200000000000003,0.125,0,12,0,1.7999999999999998,4.199999999999999,0.5,0.125,1.2000000000000002,1.7999999999999998,0.5,3,6,9,1.7999999999999998,3,1.2000000000000002,0,3,4.800000000000001,NA
576,Garrett Temple,39,TOR,SG,22,0,72.6,4.4,15.399999999999999,0.267,2.2,11,0.25,0,2.2,0.333,0.367,6.6,8.8,0.667,0,8.8,8.8,8.8,4.4,2.2,6.6,6.6,17.6,NA
577,Max Shulga,23,BOS,SG,11,1,36.3,2.2,7.699999999999999,0.25,1.1,4.4,0.25,1.1,4.4,0.25,0.313,2.2,2.2,1,3.3,3.3,5.5,2.2,1.1,0,3.3,9.9,6.6,NA
578,Jahmyl Telfort,24,LAC,PF,8,0,32,0,4,0,0,4,0,0,0,NA,0,0.8,4,0.25,0,3.2,3.2,0.8,0.8,0,0.8,4.8,0.8,NA
579,Darius Brown II,26,CLE,SG,1,0,3,0,1,0,0,0,NA,0,1,0,0,0,0,NA,0,1,1,0,0,0,0,0,0,NA
580,Noa Essengue,19,CHI,PF,2,0,6,0,3,0,0,2,0,0,1,0,0,0,0,NA,0,0,0,0,1,0,0,1,0,NA
581,Tosan Evbuomwan,24,NYK,SF,5,0,8,0,1,0,0,0,NA,0,1,0,0,0,0,NA,1,1,2,0,0,0,0,1,0,NA
582,Chucky Hepburn,22,TOR,PG,2,0,13,0,6,0,0,5,0,0,1,0,0,0,0,NA,0,1,1,2,1,0,1,2,0,NA
NA,League Average,NA,NA,NA,NA,NA,NA,NA,NA,0.471,NA,NA,0.36,NA,NA,0.55,0.546,NA,NA,0.783,NA,NA,NA,NA,NA,NA,NA,NA,NA,NA
